+./analysis/pipeline_after_v3.sh:5> PY=.venv/bin/python 
+./analysis/pipeline_after_v3.sh:6> V3=experiments/v3_mps_seed20260918 
+./analysis/pipeline_after_v3.sh:7> V2=experiments/v2_mps_seed20260918 
+./analysis/pipeline_after_v3.sh:9> echo '=== stage 1: v3 formal eval (val 2000x3 batch1) ==='
=== stage 1: v3 formal eval (val 2000x3 batch1) ===
+./analysis/pipeline_after_v3.sh:10> .venv/bin/python -m research.evaluate --design experiments/v3_mps_seed20260918/modelDesign.py --weights experiments/v3_mps_seed20260918/best --data data_train/H_train.npz --splits splits/random_seed20260918.npz --split val --samples 2000 --repeats 3 --batch-size 1 --device mps --out experiments/v3_mps_seed20260918/eval_val.json
{
  "efficiency": 68.1207275390625,
  "fairness_p10": 49.47916793823242,
  "score": 62.528259658813475,
  "channel_rows": 2000,
  "repeats": 3,
  "seed": 271828,
  "batch_size": 1,
  "seconds": 54.108565124999586,
  "pairing_note": "Use identical rows, seed, repeats AND batch_size for paired model comparison",
  "milliseconds_per_two_user_block": 9.018094187499932,
  "timing_note": "Includes data transfer/loading; hardware-specific, not platform timing",
  "per_user": [
    {
      "efficiency": 68.04434204101562,
      "fairness_p10": 49.47916793823242,
      "score": 62.47478981018066
    },
    {
      "efficiency": 68.19712829589844,
      "fairness_p10": 49.47916793823242,
      "score": 62.58174018859863
    }
  ],
  "snr_bins": {
    "[-20,-15)": {
      "efficiency": 50.396488189697266,
      "fairness_p10": 48.26388931274414,
      "score": 49.75670852661132,
      "count": 1436
    },
    "[-15,-10)": {
      "efficiency": 51.55727005004883,
      "fairness_p10": 48.35069274902344,
      "score": 50.595296859741204,
      "count": 1512
    },
    "[-10,-5)": {
      "efficiency": 54.408607482910156,
      "fairness_p10": 48.87152862548828,
      "score": 52.747483825683595,
      "count": 1489
    },
    "[-5,0)": {
      "efficiency": 58.804866790771484,
      "fairness_p10": 50.0,
      "score": 56.16340675354004,
      "count": 1493
    },
    "[0,5)": {
      "efficiency": 71.13566589355469,
      "fairness_p10": 58.33333206176758,
      "score": 67.29496574401855,
      "count": 1601
    },
    "[5,10)": {
      "efficiency": 80.89884185791016,
      "fairness_p10": 70.05208587646484,
      "score": 77.64481506347656,
      "count": 1478
    },
    "[10,15)": {
      "efficiency": 87.18798065185547,
      "fairness_p10": 79.08854675292969,
      "score": 84.75815048217773,
      "count": 1472
    },
    "[15,20)": {
      "efficiency": 89.87317657470703,
      "fairness_p10": 83.94097137451172,
      "score": 88.09351501464843,
      "count": 1519
    }
  },
  "prefix_lengths": {
    "1152": 12000
  },
  "cluster_bootstrap_95pct": {
    "efficiency": [
      67.8574779510498,
      68.35557460784912
    ],
    "fairness_p10": [
      49.39236068725586,
      49.47916793823242
    ],
    "score": [
      62.33365955352783,
      62.69265260696411
    ]
  },
  "split": "val",
  "split_metadata": {
    "seed": 20260918,
    "mode": "random",
    "groups": null,
    "sampled_sha256": "28303736b72bd29286c8c4271f0ecc67aad643e19ff7f2b25d1bbc957a5421d0",
    "n": 100000,
    "warning": "Sampled fingerprint, not a complete file hash; no scenario IDs supplied"
  },
  "design": "experiments/v3_mps_seed20260918/modelDesign.py",
  "weights": "experiments/v3_mps_seed20260918/best"
}
+./analysis/pipeline_after_v3.sh:15> echo '=== stage 2: v3 feedback ablation ==='
=== stage 2: v3 feedback ablation ===
+./analysis/pipeline_after_v3.sh:16> .venv/bin/python analysis/ablation_feedback.py --design experiments/v3_mps_seed20260918/modelDesign.py --weights experiments/v3_mps_seed20260918/best --data data_train/H_train.npz --splits splits/random_seed20260918.npz --split val --samples 1000 --repeats 2 --batch-size 16 --device mps --out experiments/v3_mps_seed20260918/ablation_feedback.json
{
  "noisy": {
    "efficiency": 68.03743743896484,
    "fairness_p10": 49.47916793823242,
    "score": 62.46995658874511,
    "per_user": [
      {
        "efficiency": 67.5513916015625,
        "fairness_p10": 49.39236068725586,
        "score": 62.103682327270505
      },
      {
        "efficiency": 68.52348327636719,
        "fairness_p10": 49.56597137451172,
        "score": 62.836229705810545
      }
    ],
    "snr_bins_own_dl": {
      "[-20,-15)": {
        "efficiency": 50.401023864746094,
        "fairness_p10": 48.125,
        "score": 49.71821670532226,
        "count": 505
      },
      "[-15,-10)": {
        "efficiency": 51.61642837524414,
        "fairness_p10": 48.4375,
        "score": 50.66274986267089,
        "count": 536
      },
      "[-10,-5)": {
        "efficiency": 54.5726432800293,
        "fairness_p10": 49.04513931274414,
        "score": 52.914392089843744,
        "count": 489
      },
      "[-5,0)": {
        "efficiency": 58.733177185058594,
        "fairness_p10": 50.078125,
        "score": 56.136661529541016,
        "count": 480
      },
      "[0,5)": {
        "efficiency": 71.70948791503906,
        "fairness_p10": 58.61111068725586,
        "score": 67.7799747467041,
        "count": 493
      },
      "[5,10)": {
        "efficiency": 80.98686981201172,
        "fairness_p10": 71.44097137451172,
        "score": 78.12310028076172,
        "count": 513
      },
      "[10,15)": {
        "efficiency": 87.09496307373047,
        "fairness_p10": 79.609375,
        "score": 84.84928665161132,
        "count": 488
      },
      "[15,20)": {
        "efficiency": 90.2247543334961,
        "fairness_p10": 85.11284637451172,
        "score": 88.69118194580078,
        "count": 496
      }
    }
  },
  "noiseless": {
    "efficiency": 69.43575286865234,
    "fairness_p10": 49.47916793823242,
    "score": 63.44877738952636,
    "per_user": [
      {
        "efficiency": 68.8884048461914,
        "fairness_p10": 49.39236068725586,
        "score": 63.03959159851074
      },
      {
        "efficiency": 69.98307800292969,
        "fairness_p10": 49.56597137451172,
        "score": 63.85794601440429
      }
    ],
    "snr_bins_own_dl": {
      "[-20,-15)": {
        "efficiency": 50.425437927246094,
        "fairness_p10": 48.2118034362793,
        "score": 49.76134757995605,
        "count": 505
      },
      "[-15,-10)": {
        "efficiency": 51.579505920410156,
        "fairness_p10": 48.35069274902344,
        "score": 50.610861968994136,
        "count": 536
      },
      "[-10,-5)": {
        "efficiency": 54.66832733154297,
        "fairness_p10": 49.04513931274414,
        "score": 52.98137092590331,
        "count": 489
      },
      "[-5,0)": {
        "efficiency": 59.844112396240234,
        "fairness_p10": 50.26041793823242,
        "score": 56.96900405883789,
        "count": 480
      },
      "[0,5)": {
        "efficiency": 75.24580383300781,
        "fairness_p10": 61.82291793823242,
        "score": 71.21893806457518,
        "count": 493
      },
      "[5,10)": {
        "efficiency": 84.56857299804688,
        "fairness_p10": 76.05902862548828,
        "score": 82.0157096862793,
        "count": 513
      },
      "[10,15)": {
        "efficiency": 89.18399047851562,
        "fairness_p10": 82.65625,
        "score": 87.22566833496094,
        "count": 488
      },
      "[15,20)": {
        "efficiency": 91.07232666015625,
        "fairness_p10": 87.28298950195312,
        "score": 89.9355255126953,
        "count": 496
      }
    }
  },
  "zero_feedback": {
    "efficiency": 54.61959457397461,
    "fairness_p10": 48.87152862548828,
    "score": 52.89517478942871,
    "per_user": [
      {
        "efficiency": 54.53506851196289,
        "fairness_p10": 48.78472137451172,
        "score": 52.809964370727535
      },
      {
        "efficiency": 54.704124450683594,
        "fairness_p10": 48.95833206176758,
        "score": 52.98038673400879
      }
    ],
    "snr_bins_own_dl": {
      "[-20,-15)": {
        "efficiency": 50.31593704223633,
        "fairness_p10": 48.125,
        "score": 49.65865592956543,
        "count": 505
      },
      "[-15,-10)": {
        "efficiency": 51.577396392822266,
        "fairness_p10": 48.39409637451172,
        "score": 50.6224063873291,
        "count": 536
      },
      "[-10,-5)": {
        "efficiency": 54.5632438659668,
        "fairness_p10": 48.87152862548828,
        "score": 52.85572929382324,
        "count": 489
      },
      "[-5,0)": {
        "efficiency": 55.98994445800781,
        "fairness_p10": 49.123260498046875,
        "score": 53.92993927001953,
        "count": 480
      },
      "[0,5)": {
        "efficiency": 54.63960647583008,
        "fairness_p10": 48.71527862548828,
        "score": 52.86230812072754,
        "count": 493
      },
      "[5,10)": {
        "efficiency": 55.95083236694336,
        "fairness_p10": 49.40972137451172,
        "score": 53.988499069213866,
        "count": 513
      },
      "[10,15)": {
        "efficiency": 56.243953704833984,
        "fairness_p10": 49.91319274902344,
        "score": 54.34472541809082,
        "count": 488
      },
      "[15,20)": {
        "efficiency": 58.02339172363281,
        "fairness_p10": 52.213539123535156,
        "score": 56.28043594360351,
        "count": 496
      }
    }
  }
}
+./analysis/pipeline_after_v3.sh:21> echo '=== stage 3: v2 training (40k steps) ==='
=== stage 3: v2 training (40k steps) ===
+./analysis/pipeline_after_v3.sh:22> .venv/bin/python -m research.train --config configs/v2.json --data data_train/H_train.npz --splits splits/random_seed20260918.npz --out experiments/v2_mps_seed20260918 --device mps --run-training
{"step": 1, "loss": 0.025789901614189148, "gradient_norm": 0.07826364785432816, "bce": 0.014959026128053665, "soft_score": 0.4999013841152191, "soft_tail": 0.49569180607795715, "csi_nmse": 1.08308744430542}
{"step": 100, "loss": 0.006618076004087925, "gradient_norm": 0.016864214092493057, "bce": -0.0034091444686055183, "soft_score": 0.5022806525230408, "soft_tail": 0.4996037483215332, "csi_nmse": 1.0027220249176025}
{"step": 200, "loss": -0.03028496541082859, "gradient_norm": 0.03839655965566635, "bce": -0.03988919034600258, "soft_score": 0.5312116146087646, "soft_tail": 0.4989793598651886, "csi_nmse": 0.9604225158691406}
{"step": 300, "loss": -0.03940972313284874, "gradient_norm": 0.10926532745361328, "bce": -0.04889429733157158, "soft_score": 0.5391342639923096, "soft_tail": 0.4990643858909607, "csi_nmse": 0.9484573602676392}
{"step": 400, "loss": -0.05668463557958603, "gradient_norm": 0.0706353709101677, "bce": -0.06589852273464203, "soft_score": 0.5517545938491821, "soft_tail": 0.49928587675094604, "csi_nmse": 0.9213888049125671}
{"step": 500, "loss": -0.06432394683361053, "gradient_norm": 0.11091329902410507, "bce": -0.07346321642398834, "soft_score": 0.5556516647338867, "soft_tail": 0.4994087815284729, "csi_nmse": 0.9139271974563599}
{"step": 600, "loss": -0.061639204621315, "gradient_norm": 0.07889718562364578, "bce": -0.07065899670124054, "soft_score": 0.5544805526733398, "soft_tail": 0.49938780069351196, "csi_nmse": 0.9019792079925537}
{"step": 700, "loss": -0.06908410787582397, "gradient_norm": 0.12206930667161942, "bce": -0.07832270860671997, "soft_score": 0.5594167709350586, "soft_tail": 0.4994073212146759, "csi_nmse": 0.9238603115081787}
{"step": 800, "loss": -0.07372776418924332, "gradient_norm": 0.11851239204406738, "bce": -0.0827566385269165, "soft_score": 0.5618666410446167, "soft_tail": 0.4996888041496277, "csi_nmse": 0.902887225151062}
{"step": 900, "loss": -0.07456853985786438, "gradient_norm": 0.09102299064397812, "bce": -0.08406902849674225, "soft_score": 0.5634735226631165, "soft_tail": 0.4996606409549713, "csi_nmse": 0.9500492215156555}
{"step": 1000, "loss": -0.08253611624240875, "gradient_norm": 0.09470751881599426, "bce": -0.09128028154373169, "soft_score": 0.5700312256813049, "soft_tail": 0.4994884133338928, "csi_nmse": 0.8744165897369385}
{"step": 1000, "validation_score": 55.163254165649406, "best": 55.163254165649406}
{"step": 1100, "loss": -0.08326219022274017, "gradient_norm": 0.09578714519739151, "bce": -0.092038094997406, "soft_score": 0.5686969757080078, "soft_tail": 0.4995168447494507, "csi_nmse": 0.8775905966758728}
{"step": 1200, "loss": -0.08209654688835144, "gradient_norm": 0.07992418855428696, "bce": -0.0908663272857666, "soft_score": 0.5678241848945618, "soft_tail": 0.4997498393058777, "csi_nmse": 0.8769784569740295}
{"step": 1300, "loss": -0.09925243258476257, "gradient_norm": 0.10123543441295624, "bce": -0.10790050029754639, "soft_score": 0.5817822217941284, "soft_tail": 0.4998350441455841, "csi_nmse": 0.8648067712783813}
{"step": 1400, "loss": -0.07846804708242416, "gradient_norm": 0.18214702606201172, "bce": -0.0872863382101059, "soft_score": 0.5673227310180664, "soft_tail": 0.499725341796875, "csi_nmse": 0.8818293809890747}
{"step": 1500, "loss": -0.0991005077958107, "gradient_norm": 0.08358122408390045, "bce": -0.10785393416881561, "soft_score": 0.5799227356910706, "soft_tail": 0.4996320307254791, "csi_nmse": 0.8753424882888794}
{"step": 1600, "loss": -0.08750324696302414, "gradient_norm": 0.08743948489427567, "bce": -0.09627588093280792, "soft_score": 0.571846604347229, "soft_tail": 0.49972835183143616, "csi_nmse": 0.8772634267807007}
{"step": 1700, "loss": -0.0709027573466301, "gradient_norm": 0.10196422785520554, "bce": -0.0798332691192627, "soft_score": 0.5599138736724854, "soft_tail": 0.49953415989875793, "csi_nmse": 0.8930513858795166}
{"step": 1800, "loss": -0.11740679293870926, "gradient_norm": 0.23465615510940552, "bce": -0.12596285343170166, "soft_score": 0.5961830615997314, "soft_tail": 0.49973323941230774, "csi_nmse": 0.8556060791015625}
{"step": 1900, "loss": -0.09054966270923615, "gradient_norm": 0.12694880366325378, "bce": -0.09917038679122925, "soft_score": 0.576717734336853, "soft_tail": 0.49969053268432617, "csi_nmse": 0.862072229385376}
{"step": 2000, "loss": -0.10463523864746094, "gradient_norm": 0.20676085352897644, "bce": -0.11323167383670807, "soft_score": 0.5857974886894226, "soft_tail": 0.4997192621231079, "csi_nmse": 0.8596436381340027}
{"step": 2000, "validation_score": 56.27864952087402, "best": 56.27864952087402}
{"step": 2100, "loss": -0.1165236234664917, "gradient_norm": 0.11733810603618622, "bce": -0.12523415684700012, "soft_score": 0.5937498807907104, "soft_tail": 0.4995230436325073, "csi_nmse": 0.871053159236908}
{"step": 2200, "loss": -0.10337435454130173, "gradient_norm": 0.1335402876138687, "bce": -0.11218033730983734, "soft_score": 0.5850281715393066, "soft_tail": 0.49978163838386536, "csi_nmse": 0.8805985450744629}
{"step": 2300, "loss": -0.09936325252056122, "gradient_norm": 0.14365209639072418, "bce": -0.10809400677680969, "soft_score": 0.5818455219268799, "soft_tail": 0.4997873604297638, "csi_nmse": 0.8730754852294922}
{"step": 2400, "loss": -0.11551429331302643, "gradient_norm": 0.2810865044593811, "bce": -0.12398803234100342, "soft_score": 0.5949750542640686, "soft_tail": 0.4996841847896576, "csi_nmse": 0.8473741412162781}
{"step": 2500, "loss": -0.09675759077072144, "gradient_norm": 0.2709909677505493, "bce": -0.10545079410076141, "soft_score": 0.5808048248291016, "soft_tail": 0.49966245889663696, "csi_nmse": 0.8693207502365112}
{"step": 2600, "loss": -0.13028982281684875, "gradient_norm": 0.2859269380569458, "bce": -0.13888870179653168, "soft_score": 0.6051733493804932, "soft_tail": 0.4997354745864868, "csi_nmse": 0.8598885536193848}
{"step": 2700, "loss": -0.09833846986293793, "gradient_norm": 0.13459719717502594, "bce": -0.10707239806652069, "soft_score": 0.5800869464874268, "soft_tail": 0.49977371096611023, "csi_nmse": 0.8733930587768555}
{"step": 2800, "loss": -0.1214669868350029, "gradient_norm": 0.1470399647951126, "bce": -0.1301954686641693, "soft_score": 0.5984163284301758, "soft_tail": 0.49983569979667664, "csi_nmse": 0.8728482723236084}
{"step": 2900, "loss": -0.11569149792194366, "gradient_norm": 0.1562487781047821, "bce": -0.1242617517709732, "soft_score": 0.5942842960357666, "soft_tail": 0.49967047572135925, "csi_nmse": 0.8570256233215332}
{"step": 3000, "loss": -0.106409452855587, "gradient_norm": 0.20497126877307892, "bce": -0.115064337849617, "soft_score": 0.5865477919578552, "soft_tail": 0.49955347180366516, "csi_nmse": 0.8654882907867432}
{"step": 3000, "validation_score": 56.938472366333, "best": 56.938472366333}
{"step": 3100, "loss": -0.11227984726428986, "gradient_norm": 0.21142667531967163, "bce": -0.12089262902736664, "soft_score": 0.5912803411483765, "soft_tail": 0.49973005056381226, "csi_nmse": 0.8612782955169678}
{"step": 3200, "loss": -0.11687039583921432, "gradient_norm": 0.12039296329021454, "bce": -0.12551170587539673, "soft_score": 0.5945212841033936, "soft_tail": 0.49955683946609497, "csi_nmse": 0.864130973815918}
{"step": 3300, "loss": -0.10473592579364777, "gradient_norm": 0.18376761674880981, "bce": -0.11363806575536728, "soft_score": 0.5867822170257568, "soft_tail": 0.4994392991065979, "csi_nmse": 0.8902139663696289}
{"step": 3400, "loss": -0.12230359017848969, "gradient_norm": 0.21033060550689697, "bce": -0.13079148530960083, "soft_score": 0.598802924156189, "soft_tail": 0.4997984766960144, "csi_nmse": 0.8487894535064697}
{"step": 3500, "loss": -0.12161681801080704, "gradient_norm": 0.18259182572364807, "bce": -0.13025903701782227, "soft_score": 0.5994381904602051, "soft_tail": 0.4997982978820801, "csi_nmse": 0.8642218112945557}
{"step": 3600, "loss": -0.1203436404466629, "gradient_norm": 0.2017497718334198, "bce": -0.12893494963645935, "soft_score": 0.598591685295105, "soft_tail": 0.4996514916419983, "csi_nmse": 0.8591312766075134}
{"step": 3700, "loss": -0.11182063817977905, "gradient_norm": 0.19140973687171936, "bce": -0.12062559276819229, "soft_score": 0.5928792953491211, "soft_tail": 0.4997214674949646, "csi_nmse": 0.8804957866668701}
{"step": 3800, "loss": -0.10209275037050247, "gradient_norm": 0.1756848841905594, "bce": -0.11099716275930405, "soft_score": 0.5842034816741943, "soft_tail": 0.4997345507144928, "csi_nmse": 0.8904411792755127}
{"step": 3900, "loss": -0.10345408320426941, "gradient_norm": 0.1379844695329666, "bce": -0.11215239763259888, "soft_score": 0.5846389532089233, "soft_tail": 0.49971121549606323, "csi_nmse": 0.8698316812515259}
{"step": 4000, "loss": -0.11271544545888901, "gradient_norm": 0.15767274796962738, "bce": -0.12133156508207321, "soft_score": 0.5923867225646973, "soft_tail": 0.4996037781238556, "csi_nmse": 0.8616117835044861}
{"step": 4000, "validation_score": 57.05874481201171, "best": 57.05874481201171}
{"step": 4100, "loss": -0.11413922160863876, "gradient_norm": 0.19609498977661133, "bce": -0.12462391704320908, "soft_score": 0.5941171646118164, "soft_tail": 0.4997211992740631, "csi_nmse": 0.8783211708068848}
{"step": 4200, "loss": -0.11018193513154984, "gradient_norm": 0.13747763633728027, "bce": -0.122311070561409, "soft_score": 0.5923076272010803, "soft_tail": 0.49979856610298157, "csi_nmse": 0.8728818893432617}
{"step": 4300, "loss": -0.11811593919992447, "gradient_norm": 0.1618136316537857, "bce": -0.13202013075351715, "soft_score": 0.600082516670227, "soft_tail": 0.49943670630455017, "csi_nmse": 0.8788385391235352}
{"step": 4400, "loss": -0.10770586133003235, "gradient_norm": 0.1949627548456192, "bce": -0.12329491227865219, "soft_score": 0.5940893888473511, "soft_tail": 0.49968352913856506, "csi_nmse": 0.8796050548553467}
{"step": 4500, "loss": -0.09910054504871368, "gradient_norm": 0.22669541835784912, "bce": -0.11618074774742126, "soft_score": 0.5888834595680237, "soft_tail": 0.49976757168769836, "csi_nmse": 0.861311674118042}
{"step": 4600, "loss": -0.11254627257585526, "gradient_norm": 0.3142678737640381, "bce": -0.13126902282238007, "soft_score": 0.6012541055679321, "soft_tail": 0.4997180104255676, "csi_nmse": 0.8521252870559692}
{"step": 4700, "loss": -0.10255643725395203, "gradient_norm": 0.1146092638373375, "bce": -0.12313169240951538, "soft_score": 0.5930049419403076, "soft_tail": 0.49971574544906616, "csi_nmse": 0.8671548366546631}
{"step": 4800, "loss": -0.09370383620262146, "gradient_norm": 0.19313402473926544, "bce": -0.11614950746297836, "soft_score": 0.5877739191055298, "soft_tail": 0.49981802701950073, "csi_nmse": 0.8877071142196655}
{"step": 4900, "loss": -0.0855795368552208, "gradient_norm": 0.1652207225561142, "bce": -0.10942511260509491, "soft_score": 0.5833708643913269, "soft_tail": 0.4997013509273529, "csi_nmse": 0.8632345795631409}
{"step": 5000, "loss": -0.10331486165523529, "gradient_norm": 0.15649732947349548, "bce": -0.12911292910575867, "soft_score": 0.5970045924186707, "soft_tail": 0.49982932209968567, "csi_nmse": 0.8744093179702759}
{"step": 5000, "validation_score": 57.138634490966794, "best": 57.138634490966794}
{"step": 5100, "loss": -0.07739005237817764, "gradient_norm": 0.15664497017860413, "bce": -0.10476329922676086, "soft_score": 0.578468918800354, "soft_tail": 0.4996841847896576, "csi_nmse": 0.8772547245025635}
{"step": 5200, "loss": -0.08885709941387177, "gradient_norm": 0.19959622621536255, "bce": -0.11808709800243378, "soft_score": 0.5883668661117554, "soft_tail": 0.4997273087501526, "csi_nmse": 0.8835939168930054}
{"step": 5300, "loss": -0.07811655104160309, "gradient_norm": 0.19621503353118896, "bce": -0.10878882557153702, "soft_score": 0.5841408967971802, "soft_tail": 0.499755859375, "csi_nmse": 0.874382734298706}
{"step": 5400, "loss": -0.08884406089782715, "gradient_norm": 0.18852034211158752, "bce": -0.12128810584545135, "soft_score": 0.5919700264930725, "soft_tail": 0.4996315538883209, "csi_nmse": 0.8664040565490723}
{"step": 5500, "loss": -0.0961635410785675, "gradient_norm": 0.14874620735645294, "bce": -0.1304534673690796, "soft_score": 0.5989301204681396, "soft_tail": 0.49973031878471375, "csi_nmse": 0.8729759454727173}
{"step": 5600, "loss": -0.08598646521568298, "gradient_norm": 0.1745375394821167, "bce": -0.12189945578575134, "soft_score": 0.5929650068283081, "soft_tail": 0.49973663687705994, "csi_nmse": 0.8752453327178955}
{"step": 5700, "loss": -0.09648894518613815, "gradient_norm": 0.15976440906524658, "bce": -0.13387931883335114, "soft_score": 0.6015209555625916, "soft_tail": 0.4997576177120209, "csi_nmse": 0.8387044668197632}
{"step": 5800, "loss": -0.058924734592437744, "gradient_norm": 0.19696830213069916, "bce": -0.09820511937141418, "soft_score": 0.5738967657089233, "soft_tail": 0.49965813755989075, "csi_nmse": 0.8931898474693298}
{"step": 5900, "loss": -0.08276596665382385, "gradient_norm": 0.1840134859085083, "bce": -0.1237979456782341, "soft_score": 0.5944997668266296, "soft_tail": 0.49946311116218567, "csi_nmse": 0.8757662773132324}
{"step": 6000, "loss": -0.07316358387470245, "gradient_norm": 0.15475380420684814, "bce": -0.11597344279289246, "soft_score": 0.5882126092910767, "soft_tail": 0.49949076771736145, "csi_nmse": 0.8914172649383545}
{"step": 6000, "validation_score": 57.662299346923824, "best": 57.662299346923824}
{"step": 6100, "loss": -0.08325884491205215, "gradient_norm": 0.24445801973342896, "bce": -0.12809863686561584, "soft_score": 0.5986398458480835, "soft_tail": 0.499816358089447, "csi_nmse": 0.9165316820144653}
{"step": 6200, "loss": -0.058377090841531754, "gradient_norm": 0.3117707669734955, "bce": -0.10430561006069183, "soft_score": 0.5802895426750183, "soft_tail": 0.4994864761829376, "csi_nmse": 0.8849155902862549}
{"step": 6300, "loss": -0.09529352188110352, "gradient_norm": 0.20968155562877655, "bce": -0.14332078397274017, "soft_score": 0.6081825494766235, "soft_tail": 0.4997462034225464, "csi_nmse": 0.8627428412437439}
{"step": 6400, "loss": -0.09833391010761261, "gradient_norm": 0.2472202032804489, "bce": -0.14812779426574707, "soft_score": 0.6131694316864014, "soft_tail": 0.4997493326663971, "csi_nmse": 0.869187593460083}
{"step": 6500, "loss": -0.08754481375217438, "gradient_norm": 0.26593154668807983, "bce": -0.13867107033729553, "soft_score": 0.6055854558944702, "soft_tail": 0.49978411197662354, "csi_nmse": 0.8429350256919861}
{"step": 6600, "loss": -0.1035081148147583, "gradient_norm": 0.3153995871543884, "bce": -0.1567692756652832, "soft_score": 0.6182506680488586, "soft_tail": 0.4997665584087372, "csi_nmse": 0.8502905368804932}
{"step": 6700, "loss": -0.07948610186576843, "gradient_norm": 0.14387734234333038, "bce": -0.13394856452941895, "soft_score": 0.6037763357162476, "soft_tail": 0.4996834397315979, "csi_nmse": 0.8544433116912842}
{"step": 6800, "loss": -0.07431188225746155, "gradient_norm": 0.1552434116601944, "bce": -0.1307203471660614, "soft_score": 0.5990292429924011, "soft_tail": 0.49970266222953796, "csi_nmse": 0.8683842420578003}
{"step": 6900, "loss": -0.07060429453849792, "gradient_norm": 0.23202987015247345, "bce": -0.12876030802726746, "soft_score": 0.5976356863975525, "soft_tail": 0.4996342957019806, "csi_nmse": 0.8766526579856873}
{"step": 7000, "loss": -0.08612267673015594, "gradient_norm": 0.20262223482131958, "bce": -0.14594431221485138, "soft_score": 0.6109875440597534, "soft_tail": 0.49969232082366943, "csi_nmse": 0.8442947864532471}
{"step": 7000, "validation_score": 57.83880500793457, "best": 57.83880500793457}
{"step": 7100, "loss": -0.05997820571064949, "gradient_norm": 0.13374461233615875, "bce": -0.12131107598543167, "soft_score": 0.592339277267456, "soft_tail": 0.49955591559410095, "csi_nmse": 0.8702237606048584}
{"step": 7200, "loss": -0.06271202862262726, "gradient_norm": 0.3757553696632385, "bce": -0.12555648386478424, "soft_score": 0.5986654758453369, "soft_tail": 0.49983611702919006, "csi_nmse": 0.8689244985580444}
{"step": 7300, "loss": -0.0785100981593132, "gradient_norm": 0.19120503962039948, "bce": -0.1435154378414154, "soft_score": 0.6077235341072083, "soft_tail": 0.4996596872806549, "csi_nmse": 0.8419086933135986}
{"step": 7400, "loss": -0.07864341139793396, "gradient_norm": 0.18291036784648895, "bce": -0.14520317316055298, "soft_score": 0.6120157241821289, "soft_tail": 0.4998118281364441, "csi_nmse": 0.8484038710594177}
{"step": 7500, "loss": -0.06351262331008911, "gradient_norm": 0.1914876401424408, "bce": -0.1319703459739685, "soft_score": 0.599759578704834, "soft_tail": 0.4998040497303009, "csi_nmse": 0.8759143948554993}
{"step": 7600, "loss": -0.0754324272274971, "gradient_norm": 0.1672501266002655, "bce": -0.14587607979774475, "soft_score": 0.6098992824554443, "soft_tail": 0.49968960881233215, "csi_nmse": 0.869735836982727}
{"step": 7700, "loss": -0.0532468780875206, "gradient_norm": 0.2818845510482788, "bce": -0.12504412233829498, "soft_score": 0.5943199992179871, "soft_tail": 0.49961525201797485, "csi_nmse": 0.8819587826728821}
{"step": 7800, "loss": -0.07422617822885513, "gradient_norm": 0.21880115568637848, "bce": -0.14796146750450134, "soft_score": 0.6127622127532959, "soft_tail": 0.49977177381515503, "csi_nmse": 0.8634860515594482}
{"step": 7900, "loss": -0.03599434718489647, "gradient_norm": 0.14567945897579193, "bce": -0.11081013083457947, "soft_score": 0.5833739042282104, "soft_tail": 0.49953320622444153, "csi_nmse": 0.8752095699310303}
{"step": 8000, "loss": -0.0784652829170227, "gradient_norm": 0.21937307715415955, "bce": -0.15538646280765533, "soft_score": 0.619026243686676, "soft_tail": 0.49959680438041687, "csi_nmse": 0.8273054361343384}
{"step": 8000, "validation_score": 57.904064559936515, "best": 57.904064559936515}
{"step": 8100, "loss": -0.05163970962166786, "gradient_norm": 0.21928280591964722, "bce": -0.1282552182674408, "soft_score": 0.600092887878418, "soft_tail": 0.4996521770954132, "csi_nmse": 0.8788831233978271}
{"step": 8200, "loss": -0.063360296189785, "gradient_norm": 0.22595421969890594, "bce": -0.14016923308372498, "soft_score": 0.6071249842643738, "soft_tail": 0.4997825026512146, "csi_nmse": 0.8497976064682007}
{"step": 8300, "loss": -0.06957220286130905, "gradient_norm": 0.22150608897209167, "bce": -0.14692974090576172, "soft_score": 0.6095025539398193, "soft_tail": 0.4995231032371521, "csi_nmse": 0.8600513935089111}
{"step": 8400, "loss": -0.07253707200288773, "gradient_norm": 0.23971670866012573, "bce": -0.14985893666744232, "soft_score": 0.6139280796051025, "soft_tail": 0.499636709690094, "csi_nmse": 0.8717865943908691}
{"step": 8500, "loss": -0.05806395411491394, "gradient_norm": 0.23226939141750336, "bce": -0.13501565158367157, "soft_score": 0.6020777821540833, "soft_tail": 0.4997788071632385, "csi_nmse": 0.8651270270347595}
{"step": 8600, "loss": -0.05912671983242035, "gradient_norm": 0.151249498128891, "bce": -0.13591644167900085, "soft_score": 0.6035206317901611, "soft_tail": 0.4997923970222473, "csi_nmse": 0.8543906807899475}
{"step": 8700, "loss": -0.05733582377433777, "gradient_norm": 0.29452624917030334, "bce": -0.13389626145362854, "soft_score": 0.604271650314331, "soft_tail": 0.4998849034309387, "csi_nmse": 0.8594520092010498}
{"step": 8800, "loss": -0.059936560690402985, "gradient_norm": 0.163149893283844, "bce": -0.13698522746562958, "soft_score": 0.6035501956939697, "soft_tail": 0.4998612105846405, "csi_nmse": 0.8700999021530151}
{"step": 8900, "loss": -0.03159760683774948, "gradient_norm": 0.1494871973991394, "bce": -0.10800457000732422, "soft_score": 0.5834736227989197, "soft_tail": 0.4997563064098358, "csi_nmse": 0.8946558237075806}
{"step": 9000, "loss": -0.06593284755945206, "gradient_norm": 0.2400217205286026, "bce": -0.1426561325788498, "soft_score": 0.6106264591217041, "soft_tail": 0.49976763129234314, "csi_nmse": 0.8513345718383789}
{"step": 9000, "validation_score": 57.95935020446777, "best": 57.95935020446777}
{"step": 9100, "loss": -0.04753797501325607, "gradient_norm": 0.24547737836837769, "bce": -0.12442250549793243, "soft_score": 0.5947612524032593, "soft_tail": 0.499776691198349, "csi_nmse": 0.891170084476471}
{"step": 9200, "loss": -0.06477907299995422, "gradient_norm": 0.19853833317756653, "bce": -0.14205250144004822, "soft_score": 0.6075484752655029, "soft_tail": 0.4998762309551239, "csi_nmse": 0.8819308280944824}
{"step": 9300, "loss": -0.034813325852155685, "gradient_norm": 0.1379425823688507, "bce": -0.11105317622423172, "soft_score": 0.5860657691955566, "soft_tail": 0.49972960352897644, "csi_nmse": 0.873299241065979}
{"step": 9400, "loss": -0.03526691347360611, "gradient_norm": 0.1912216991186142, "bce": -0.11177998781204224, "soft_score": 0.5853222608566284, "soft_tail": 0.49972695112228394, "csi_nmse": 0.8859103918075562}
{"step": 9500, "loss": -0.045987289398908615, "gradient_norm": 0.21808792650699615, "bce": -0.12278012186288834, "soft_score": 0.5924543142318726, "soft_tail": 0.49972841143608093, "csi_nmse": 0.8752100467681885}
{"step": 9600, "loss": -0.04931410029530525, "gradient_norm": 0.25001463294029236, "bce": -0.12594303488731384, "soft_score": 0.5967217683792114, "soft_tail": 0.49957355856895447, "csi_nmse": 0.8694012761116028}
{"step": 9700, "loss": -0.04530934616923332, "gradient_norm": 0.1663040816783905, "bce": -0.12207258492708206, "soft_score": 0.5923705697059631, "soft_tail": 0.499618798494339, "csi_nmse": 0.8781594038009644}
{"step": 9800, "loss": -0.06384824216365814, "gradient_norm": 0.2106884866952896, "bce": -0.14213761687278748, "soft_score": 0.6091762781143188, "soft_tail": 0.49978208541870117, "csi_nmse": 0.9986695051193237}
{"step": 9900, "loss": -0.08956991881132126, "gradient_norm": 0.22580836713314056, "bce": -0.16719508171081543, "soft_score": 0.6267648935317993, "soft_tail": 0.49982860684394836, "csi_nmse": 0.8577004671096802}
{"step": 10000, "loss": -0.04295706748962402, "gradient_norm": 0.1656225174665451, "bce": -0.11940029263496399, "soft_score": 0.5940126180648804, "soft_tail": 0.4998822510242462, "csi_nmse": 0.8900924921035767}
{"step": 10000, "validation_score": 57.92488708496093, "best": 57.95935020446777}
{"step": 10100, "loss": -0.09292620420455933, "gradient_norm": 0.1985984742641449, "bce": -0.170809805393219, "soft_score": 0.6277329921722412, "soft_tail": 0.4998123049736023, "csi_nmse": 0.8570287227630615}
{"step": 10200, "loss": -0.06058114022016525, "gradient_norm": 0.2394278198480606, "bce": -0.137629896402359, "soft_score": 0.6046997904777527, "soft_tail": 0.49960649013519287, "csi_nmse": 0.8743932247161865}
{"step": 10300, "loss": -0.06465377658605576, "gradient_norm": 0.24295786023139954, "bce": -0.14184801280498505, "soft_score": 0.6072770357131958, "soft_tail": 0.49979180097579956, "csi_nmse": 0.8730899095535278}
{"step": 10400, "loss": -0.09922312945127487, "gradient_norm": 0.25110819935798645, "bce": -0.17707976698875427, "soft_score": 0.6330294609069824, "soft_tail": 0.49978286027908325, "csi_nmse": 0.844509482383728}
{"step": 10500, "loss": -0.06745261698961258, "gradient_norm": 0.2166258841753006, "bce": -0.14455768465995789, "soft_score": 0.6099207401275635, "soft_tail": 0.4998113214969635, "csi_nmse": 0.863571047782898}
{"step": 10600, "loss": -0.06340714544057846, "gradient_norm": 0.1751541942358017, "bce": -0.14077690243721008, "soft_score": 0.606683611869812, "soft_tail": 0.499769002199173, "csi_nmse": 0.8953486680984497}
{"step": 10700, "loss": -0.07229193300008774, "gradient_norm": 0.22366473078727722, "bce": -0.14971229434013367, "soft_score": 0.6130715608596802, "soft_tail": 0.4997101426124573, "csi_nmse": 0.8747590780258179}
{"step": 10800, "loss": -0.05734756216406822, "gradient_norm": 0.22009992599487305, "bce": -0.13447526097297668, "soft_score": 0.6021727323532104, "soft_tail": 0.49977853894233704, "csi_nmse": 0.8890795707702637}
{"step": 10900, "loss": -0.05970592051744461, "gradient_norm": 0.23359814286231995, "bce": -0.1369268000125885, "soft_score": 0.602959156036377, "soft_tail": 0.49949005246162415, "csi_nmse": 0.8808812499046326}
{"step": 11000, "loss": -0.06387554109096527, "gradient_norm": 0.23543956875801086, "bce": -0.1407587230205536, "soft_score": 0.6073876023292542, "soft_tail": 0.4996664226055145, "csi_nmse": 0.8536059856414795}
{"step": 11000, "validation_score": 57.975008392333976, "best": 57.975008392333976}
{"step": 11100, "loss": -0.06453754007816315, "gradient_norm": 0.2160843014717102, "bce": -0.1416166126728058, "soft_score": 0.6072174310684204, "soft_tail": 0.4998506009578705, "csi_nmse": 0.8634675145149231}
{"step": 11200, "loss": -0.029299795627593994, "gradient_norm": 0.12098722159862518, "bce": -0.10594651848077774, "soft_score": 0.5793606042861938, "soft_tail": 0.49974849820137024, "csi_nmse": 0.8980587720870972}
{"step": 11300, "loss": -0.05879880487918854, "gradient_norm": 0.1917775273323059, "bce": -0.13600876927375793, "soft_score": 0.6012222170829773, "soft_tail": 0.49974724650382996, "csi_nmse": 0.8723722696304321}
{"step": 11400, "loss": -0.10003885626792908, "gradient_norm": 0.19427292048931122, "bce": -0.1778445690870285, "soft_score": 0.6334248185157776, "soft_tail": 0.4997221827507019, "csi_nmse": 0.8355394005775452}
{"step": 11500, "loss": -0.04816814512014389, "gradient_norm": 0.1777590811252594, "bce": -0.12467339634895325, "soft_score": 0.5954787731170654, "soft_tail": 0.4998529553413391, "csi_nmse": 0.8581376075744629}
{"step": 11600, "loss": -0.04921198636293411, "gradient_norm": 0.2540036141872406, "bce": -0.12590494751930237, "soft_score": 0.5964145660400391, "soft_tail": 0.4998358190059662, "csi_nmse": 0.8738996386528015}
{"step": 11700, "loss": -0.07180164754390717, "gradient_norm": 0.16015006601810455, "bce": -0.1490105390548706, "soft_score": 0.6130322217941284, "soft_tail": 0.4996716380119324, "csi_nmse": 0.8601203560829163}
{"step": 11800, "loss": -0.052394382655620575, "gradient_norm": 0.1927628070116043, "bce": -0.12937521934509277, "soft_score": 0.5987319946289062, "soft_tail": 0.4996148943901062, "csi_nmse": 0.8904958963394165}
{"step": 11900, "loss": -0.04901501536369324, "gradient_norm": 0.1650119125843048, "bce": -0.12594842910766602, "soft_score": 0.5953976511955261, "soft_tail": 0.49979832768440247, "csi_nmse": 0.8872278928756714}
{"step": 12000, "loss": -0.08405802398920059, "gradient_norm": 0.21320845186710358, "bce": -0.16165043413639069, "soft_score": 0.6214103698730469, "soft_tail": 0.4997943639755249, "csi_nmse": 0.8562227487564087}
{"step": 12000, "validation_score": 58.03106613159179, "best": 58.03106613159179}
{"step": 12100, "loss": -0.036766231060028076, "gradient_norm": 0.19778580963611603, "bce": -0.11303035914897919, "soft_score": 0.5877300500869751, "soft_tail": 0.4998157322406769, "csi_nmse": 0.872856855392456}
{"step": 12200, "loss": -0.058837197721004486, "gradient_norm": 0.1749913990497589, "bce": -0.1357506513595581, "soft_score": 0.6029088497161865, "soft_tail": 0.49975189566612244, "csi_nmse": 0.8621824979782104}
{"step": 12300, "loss": -0.08160938322544098, "gradient_norm": 0.21922901272773743, "bce": -0.15927179157733917, "soft_score": 0.6190263628959656, "soft_tail": 0.49979066848754883, "csi_nmse": 0.8631583452224731}
{"step": 12400, "loss": -0.05221349745988846, "gradient_norm": 0.23842284083366394, "bce": -0.12919309735298157, "soft_score": 0.5967792272567749, "soft_tail": 0.4998953938484192, "csi_nmse": 0.8735077977180481}
{"step": 12500, "loss": -0.062443554401397705, "gradient_norm": 0.16530700027942657, "bce": -0.1396510750055313, "soft_score": 0.6051715612411499, "soft_tail": 0.49981892108917236, "csi_nmse": 0.8754128813743591}
{"step": 12600, "loss": -0.046346358954906464, "gradient_norm": 0.16374091804027557, "bce": -0.12312914431095123, "soft_score": 0.5925660133361816, "soft_tail": 0.49979734420776367, "csi_nmse": 0.8720390796661377}
{"step": 12700, "loss": -0.07541976869106293, "gradient_norm": 0.21360649168491364, "bce": -0.15262414515018463, "soft_score": 0.6177067756652832, "soft_tail": 0.49973317980766296, "csi_nmse": 0.8704625368118286}
{"step": 12800, "loss": -0.04591967910528183, "gradient_norm": 0.15961916744709015, "bce": -0.12260989099740982, "soft_score": 0.5940165519714355, "soft_tail": 0.4998205304145813, "csi_nmse": 0.8825497627258301}
{"step": 12900, "loss": -0.048072703182697296, "gradient_norm": 0.15377147495746613, "bce": -0.12499444931745529, "soft_score": 0.5932047367095947, "soft_tail": 0.4997510313987732, "csi_nmse": 0.873530387878418}
{"step": 13000, "loss": -0.05926663428544998, "gradient_norm": 0.13191737234592438, "bce": -0.1362706422805786, "soft_score": 0.6029523611068726, "soft_tail": 0.499695360660553, "csi_nmse": 0.8663034439086914}
{"step": 13000, "validation_score": 58.01781044006347, "best": 58.03106613159179}
{"step": 13100, "loss": -0.04104621708393097, "gradient_norm": 0.15284839272499084, "bce": -0.11756439507007599, "soft_score": 0.5905246734619141, "soft_tail": 0.4998229146003723, "csi_nmse": 0.8808886408805847}
{"step": 13200, "loss": -0.07357269525527954, "gradient_norm": 0.20394331216812134, "bce": -0.15109385550022125, "soft_score": 0.6137229204177856, "soft_tail": 0.4997912049293518, "csi_nmse": 0.8777791261672974}
{"step": 13300, "loss": -0.07562385499477386, "gradient_norm": 0.153511643409729, "bce": -0.1529025435447693, "soft_score": 0.6162658333778381, "soft_tail": 0.4998302161693573, "csi_nmse": 0.8609921932220459}
{"step": 13400, "loss": -0.053359679877758026, "gradient_norm": 0.18893197178840637, "bce": -0.13027052581310272, "soft_score": 0.5980759859085083, "soft_tail": 0.4998626708984375, "csi_nmse": 0.8687264919281006}
{"step": 13500, "loss": -0.07790927588939667, "gradient_norm": 0.2516917586326599, "bce": -0.15536195039749146, "soft_score": 0.6167585253715515, "soft_tail": 0.4997946321964264, "csi_nmse": 0.8586157560348511}
{"step": 13600, "loss": -0.06956097483634949, "gradient_norm": 0.1904146373271942, "bce": -0.14646682143211365, "soft_score": 0.6124122142791748, "soft_tail": 0.499849796295166, "csi_nmse": 0.8495877981185913}
{"step": 13700, "loss": -0.05640111118555069, "gradient_norm": 0.17391180992126465, "bce": -0.13355764746665955, "soft_score": 0.5994324684143066, "soft_tail": 0.499876469373703, "csi_nmse": 0.8740304112434387}
{"step": 13800, "loss": -0.06422681361436844, "gradient_norm": 0.27476412057876587, "bce": -0.14168822765350342, "soft_score": 0.6052449941635132, "soft_tail": 0.499813973903656, "csi_nmse": 0.8811506032943726}
{"step": 13900, "loss": -0.04519356042146683, "gradient_norm": 0.14887477457523346, "bce": -0.12221753597259521, "soft_score": 0.592353343963623, "soft_tail": 0.49969393014907837, "csi_nmse": 0.9028376340866089}
{"step": 14000, "loss": -0.05302640050649643, "gradient_norm": 0.16893014311790466, "bce": -0.1297747939825058, "soft_score": 0.5987911224365234, "soft_tail": 0.4996050000190735, "csi_nmse": 0.8638176918029785}
{"step": 14000, "validation_score": 58.05715446472168, "best": 58.05715446472168}
{"step": 14100, "loss": -0.05902992561459541, "gradient_norm": 0.14961211383342743, "bce": -0.13598087430000305, "soft_score": 0.6029554605484009, "soft_tail": 0.49963438510894775, "csi_nmse": 0.8637440204620361}
{"step": 14200, "loss": -0.061057306826114655, "gradient_norm": 0.1537885069847107, "bce": -0.13827213644981384, "soft_score": 0.604284942150116, "soft_tail": 0.49937137961387634, "csi_nmse": 0.8797241449356079}
{"step": 14300, "loss": -0.07029542326927185, "gradient_norm": 0.1864226758480072, "bce": -0.14769123494625092, "soft_score": 0.610153317451477, "soft_tail": 0.49975207448005676, "csi_nmse": 0.8634583950042725}
{"step": 14400, "loss": -0.09217565506696701, "gradient_norm": 0.17364321649074554, "bce": -0.16986097395420074, "soft_score": 0.627362847328186, "soft_tail": 0.49978530406951904, "csi_nmse": 0.8429060578346252}
{"step": 14500, "loss": -0.07924649119377136, "gradient_norm": 0.29752835631370544, "bce": -0.15665452182292938, "soft_score": 0.6188005805015564, "soft_tail": 0.4994952082633972, "csi_nmse": 0.8607494235038757}
{"step": 14600, "loss": -0.0585562139749527, "gradient_norm": 0.2245718240737915, "bce": -0.13529351353645325, "soft_score": 0.6036231517791748, "soft_tail": 0.49980929493904114, "csi_nmse": 0.8564541339874268}
{"step": 14700, "loss": -0.07616095244884491, "gradient_norm": 0.25861141085624695, "bce": -0.15348532795906067, "soft_score": 0.6153202652931213, "soft_tail": 0.49982398748397827, "csi_nmse": 0.8502584099769592}
{"step": 14800, "loss": -0.08244050294160843, "gradient_norm": 0.13663120567798615, "bce": -0.16006633639335632, "soft_score": 0.6197554469108582, "soft_tail": 0.499825656414032, "csi_nmse": 0.8589515089988708}
{"step": 14900, "loss": -0.023394422605633736, "gradient_norm": 0.1620190441608429, "bce": -0.09954032301902771, "soft_score": 0.577151358127594, "soft_tail": 0.49976441264152527, "csi_nmse": 0.8899933099746704}
{"step": 15000, "loss": -0.0582251213490963, "gradient_norm": 0.33158165216445923, "bce": -0.13518482446670532, "soft_score": 0.6020395755767822, "soft_tail": 0.49982091784477234, "csi_nmse": 0.8639809489250183}
{"step": 15000, "validation_score": 58.07871704101562, "best": 58.07871704101562}
{"step": 15100, "loss": -0.0666169822216034, "gradient_norm": 0.14884823560714722, "bce": -0.14362052083015442, "soft_score": 0.6091036796569824, "soft_tail": 0.499544620513916, "csi_nmse": 0.8538190722465515}
{"step": 15200, "loss": -0.07101541757583618, "gradient_norm": 0.16671232879161835, "bce": -0.14834630489349365, "soft_score": 0.6108651161193848, "soft_tail": 0.499875009059906, "csi_nmse": 0.857901930809021}
{"step": 15300, "loss": -0.05099833011627197, "gradient_norm": 0.17661404609680176, "bce": -0.12782159447669983, "soft_score": 0.5976989269256592, "soft_tail": 0.4998507797718048, "csi_nmse": 0.8806519508361816}
{"step": 15400, "loss": -0.08148424327373505, "gradient_norm": 0.232318714261055, "bce": -0.15889030694961548, "soft_score": 0.6220380663871765, "soft_tail": 0.49984249472618103, "csi_nmse": 0.8716108798980713}
{"step": 15500, "loss": -0.06401031464338303, "gradient_norm": 0.14282578229904175, "bce": -0.14121398329734802, "soft_score": 0.6067883968353271, "soft_tail": 0.49982568621635437, "csi_nmse": 0.8755878210067749}
{"step": 15600, "loss": -0.07730863988399506, "gradient_norm": 0.18760651350021362, "bce": -0.15515318512916565, "soft_score": 0.6159124374389648, "soft_tail": 0.4997623562812805, "csi_nmse": 0.8913329839706421}
{"step": 15700, "loss": -0.07482261210680008, "gradient_norm": 0.15360602736473083, "bce": -0.15215501189231873, "soft_score": 0.6140028238296509, "soft_tail": 0.4998299479484558, "csi_nmse": 0.8512078523635864}
{"step": 15800, "loss": -0.04095159471035004, "gradient_norm": 0.1432669311761856, "bce": -0.11758191883563995, "soft_score": 0.5895916819572449, "soft_tail": 0.49972328543663025, "csi_nmse": 0.8822990655899048}
{"step": 15900, "loss": -0.08511751890182495, "gradient_norm": 0.23331710696220398, "bce": -0.16274303197860718, "soft_score": 0.6220152378082275, "soft_tail": 0.4995225667953491, "csi_nmse": 0.8538411855697632}
{"step": 16000, "loss": -0.0752144530415535, "gradient_norm": 0.191811203956604, "bce": -0.15259072184562683, "soft_score": 0.6151363253593445, "soft_tail": 0.4998902678489685, "csi_nmse": 0.8627533912658691}
{"step": 16000, "validation_score": 58.103775024414055, "best": 58.103775024414055}
{"step": 16100, "loss": -0.047529809176921844, "gradient_norm": 0.18370889127254486, "bce": -0.12418849766254425, "soft_score": 0.5946457982063293, "soft_tail": 0.4997938573360443, "csi_nmse": 0.8698234558105469}
{"step": 16200, "loss": -0.049990735948085785, "gradient_norm": 0.19729718565940857, "bce": -0.12702329456806183, "soft_score": 0.5976383686065674, "soft_tail": 0.4998224973678589, "csi_nmse": 0.9088742733001709}
{"step": 16300, "loss": -0.039253078401088715, "gradient_norm": 0.14538396894931793, "bce": -0.11595669388771057, "soft_score": 0.5871322751045227, "soft_tail": 0.4998573064804077, "csi_nmse": 0.8816888332366943}
{"step": 16400, "loss": -0.07733162492513657, "gradient_norm": 0.26496270298957825, "bce": -0.1548955738544464, "soft_score": 0.6172940731048584, "soft_tail": 0.4996899366378784, "csi_nmse": 0.8794496059417725}
{"step": 16500, "loss": -0.08085738122463226, "gradient_norm": 0.15873999893665314, "bce": -0.15853233635425568, "soft_score": 0.6181109547615051, "soft_tail": 0.4996488392353058, "csi_nmse": 0.8622275590896606}
{"step": 16600, "loss": -0.050096843391656876, "gradient_norm": 0.1931416392326355, "bce": -0.12681995332241058, "soft_score": 0.5973907113075256, "soft_tail": 0.4997401535511017, "csi_nmse": 0.877238392829895}
{"step": 16700, "loss": -0.06168809533119202, "gradient_norm": 0.16918732225894928, "bce": -0.13875235617160797, "soft_score": 0.6046727299690247, "soft_tail": 0.49979302287101746, "csi_nmse": 0.8650087118148804}
{"step": 16800, "loss": -0.04449506103992462, "gradient_norm": 0.15541239082813263, "bce": -0.12153760343790054, "soft_score": 0.5903817415237427, "soft_tail": 0.49976927042007446, "csi_nmse": 0.8920035362243652}
{"step": 16900, "loss": -0.08043274283409119, "gradient_norm": 0.18647722899913788, "bce": -0.15805605053901672, "soft_score": 0.6189156770706177, "soft_tail": 0.4997081756591797, "csi_nmse": 0.8700511455535889}
{"step": 17000, "loss": -0.05487782135605812, "gradient_norm": 0.12468810379505157, "bce": -0.13200631737709045, "soft_score": 0.5975083112716675, "soft_tail": 0.4998622238636017, "csi_nmse": 0.8674558997154236}
{"step": 17000, "validation_score": 58.11469650268554, "best": 58.11469650268554}
{"step": 17100, "loss": -0.05556533485651016, "gradient_norm": 0.22173728048801422, "bce": -0.13226737082004547, "soft_score": 0.6010391712188721, "soft_tail": 0.49979737401008606, "csi_nmse": 0.8573136329650879}
{"step": 17200, "loss": -0.08259016275405884, "gradient_norm": 0.308151513338089, "bce": -0.16073007881641388, "soft_score": 0.620347797870636, "soft_tail": 0.49981892108917236, "csi_nmse": 0.9096239805221558}
{"step": 17300, "loss": -0.06802211701869965, "gradient_norm": 0.19366337358951569, "bce": -0.14533314108848572, "soft_score": 0.609523594379425, "soft_tail": 0.499705970287323, "csi_nmse": 0.8721246719360352}
{"step": 17400, "loss": -0.06843031197786331, "gradient_norm": 0.2165442407131195, "bce": -0.14579719305038452, "soft_score": 0.610077977180481, "soft_tail": 0.49954715371131897, "csi_nmse": 0.8781365752220154}
{"step": 17500, "loss": -0.07732714712619781, "gradient_norm": 0.16585999727249146, "bce": -0.1546100676059723, "soft_score": 0.6169766783714294, "soft_tail": 0.49981826543807983, "csi_nmse": 0.8514118194580078}
{"step": 17600, "loss": -0.05794677510857582, "gradient_norm": 0.17912596464157104, "bce": -0.13499893248081207, "soft_score": 0.6033209562301636, "soft_tail": 0.4997469484806061, "csi_nmse": 0.8876767158508301}
{"step": 17700, "loss": -0.09921249747276306, "gradient_norm": 0.21911588311195374, "bce": -0.17695477604866028, "soft_score": 0.6341513395309448, "soft_tail": 0.4999017119407654, "csi_nmse": 0.8458976149559021}
{"step": 17800, "loss": -0.07010239362716675, "gradient_norm": 0.16658248007297516, "bce": -0.1475246548652649, "soft_score": 0.6113420128822327, "soft_tail": 0.49978095293045044, "csi_nmse": 0.8797426223754883}
{"step": 17900, "loss": -0.039271339774131775, "gradient_norm": 0.15123344957828522, "bce": -0.11614568531513214, "soft_score": 0.5869078636169434, "soft_tail": 0.49972784519195557, "csi_nmse": 0.8942396640777588}
{"step": 18000, "loss": -0.07928711175918579, "gradient_norm": 0.18696323037147522, "bce": -0.15704970061779022, "soft_score": 0.617205798625946, "soft_tail": 0.4999021291732788, "csi_nmse": 0.8775256872177124}
{"step": 18000, "validation_score": 58.140643692016596, "best": 58.140643692016596}
{"step": 18100, "loss": -0.06429000198841095, "gradient_norm": 0.1452605277299881, "bce": -0.14193281531333923, "soft_score": 0.6060328483581543, "soft_tail": 0.4998553395271301, "csi_nmse": 0.9048473834991455}
{"step": 18200, "loss": -0.07572203129529953, "gradient_norm": 0.13618871569633484, "bce": -0.15322141349315643, "soft_score": 0.6156752109527588, "soft_tail": 0.4998495280742645, "csi_nmse": 0.8740240335464478}
{"step": 18300, "loss": -0.08706369251012802, "gradient_norm": 0.20928993821144104, "bce": -0.1646243929862976, "soft_score": 0.6243374347686768, "soft_tail": 0.4997538924217224, "csi_nmse": 0.8524608612060547}
{"step": 18400, "loss": -0.09665943682193756, "gradient_norm": 0.18012163043022156, "bce": -0.17514625191688538, "soft_score": 0.6302772760391235, "soft_tail": 0.49983489513397217, "csi_nmse": 0.8994957208633423}
{"step": 18500, "loss": -0.07389140874147415, "gradient_norm": 0.23101277649402618, "bce": -0.15125858783721924, "soft_score": 0.613776445388794, "soft_tail": 0.49983736872673035, "csi_nmse": 0.8614088296890259}
{"step": 18600, "loss": -0.08789177238941193, "gradient_norm": 0.18876595795154572, "bce": -0.16559773683547974, "soft_score": 0.6236342191696167, "soft_tail": 0.4998176395893097, "csi_nmse": 0.8504136800765991}
{"step": 18700, "loss": -0.08939579874277115, "gradient_norm": 0.17581287026405334, "bce": -0.16708703339099884, "soft_score": 0.6264212131500244, "soft_tail": 0.49977633357048035, "csi_nmse": 0.8617947697639465}
{"step": 18800, "loss": -0.0811590701341629, "gradient_norm": 0.20058608055114746, "bce": -0.1587328314781189, "soft_score": 0.6200672388076782, "soft_tail": 0.4997516870498657, "csi_nmse": 0.8699741363525391}
{"step": 18900, "loss": -0.07506164908409119, "gradient_norm": 0.16456104815006256, "bce": -0.15249003469944, "soft_score": 0.6144230961799622, "soft_tail": 0.4997229278087616, "csi_nmse": 0.8613367080688477}
{"step": 19000, "loss": -0.06844000518321991, "gradient_norm": 0.17605185508728027, "bce": -0.14584508538246155, "soft_score": 0.60889732837677, "soft_tail": 0.49980419874191284, "csi_nmse": 0.8704423308372498}
{"step": 19000, "validation_score": 58.15401649475097, "best": 58.15401649475097}
{"step": 19100, "loss": -0.07327968627214432, "gradient_norm": 0.18490496277809143, "bce": -0.15048308670520782, "soft_score": 0.6136830449104309, "soft_tail": 0.49980294704437256, "csi_nmse": 0.8517489433288574}
{"step": 19200, "loss": -0.0644679144024849, "gradient_norm": 0.1532391905784607, "bce": -0.1416480541229248, "soft_score": 0.6066561341285706, "soft_tail": 0.49976298213005066, "csi_nmse": 0.8673840761184692}
{"step": 19300, "loss": -0.08243057876825333, "gradient_norm": 0.18569007515907288, "bce": -0.160121887922287, "soft_score": 0.61922687292099, "soft_tail": 0.49976056814193726, "csi_nmse": 0.8594624996185303}
{"step": 19400, "loss": -0.0699019506573677, "gradient_norm": 0.1512758433818817, "bce": -0.14727666974067688, "soft_score": 0.610504150390625, "soft_tail": 0.49963438510894775, "csi_nmse": 0.8686497211456299}
{"step": 19500, "loss": -0.08233866840600967, "gradient_norm": 0.25143036246299744, "bce": -0.15972132980823517, "soft_score": 0.6217832565307617, "soft_tail": 0.49990034103393555, "csi_nmse": 0.8585852384567261}
{"step": 19600, "loss": -0.06724677979946136, "gradient_norm": 0.13828936219215393, "bce": -0.14455866813659668, "soft_score": 0.608677864074707, "soft_tail": 0.4998309910297394, "csi_nmse": 0.871873140335083}
{"step": 19700, "loss": -0.09630793333053589, "gradient_norm": 0.21182551980018616, "bce": -0.17401233315467834, "soft_score": 0.6308950781822205, "soft_tail": 0.49973759055137634, "csi_nmse": 0.8384808301925659}
{"step": 19800, "loss": -0.057890452444553375, "gradient_norm": 0.1566542387008667, "bce": -0.13517363369464874, "soft_score": 0.6011983752250671, "soft_tail": 0.4998196065425873, "csi_nmse": 0.8880242109298706}
{"step": 19900, "loss": -0.04065610468387604, "gradient_norm": 0.1395513266324997, "bce": -0.11741200089454651, "soft_score": 0.5884791016578674, "soft_tail": 0.49977225065231323, "csi_nmse": 0.8855769634246826}
{"step": 20000, "loss": -0.048425063490867615, "gradient_norm": 0.15545818209648132, "bce": -0.12526969611644745, "soft_score": 0.5942391157150269, "soft_tail": 0.4999111294746399, "csi_nmse": 0.8738906979560852}
{"step": 20000, "validation_score": 58.18529891967773, "best": 58.18529891967773}
{"step": 20100, "loss": -0.02883843518793583, "gradient_norm": 0.11239822953939438, "bce": -0.10549263656139374, "soft_score": 0.5787594318389893, "soft_tail": 0.4998583495616913, "csi_nmse": 0.8976625204086304}
{"step": 20200, "loss": -0.0720188245177269, "gradient_norm": 0.1764339804649353, "bce": -0.14942963421344757, "soft_score": 0.6115114688873291, "soft_tail": 0.4998099207878113, "csi_nmse": 0.8613283634185791}
{"step": 20300, "loss": -0.05925387144088745, "gradient_norm": 0.13396304845809937, "bce": -0.13647937774658203, "soft_score": 0.6016690135002136, "soft_tail": 0.49979355931282043, "csi_nmse": 0.8738272190093994}
{"step": 20400, "loss": -0.05265247821807861, "gradient_norm": 0.2470923662185669, "bce": -0.12948864698410034, "soft_score": 0.5990036725997925, "soft_tail": 0.49972259998321533, "csi_nmse": 0.8779339790344238}
{"step": 20500, "loss": -0.02509745955467224, "gradient_norm": 0.13367290794849396, "bce": -0.10163052380084991, "soft_score": 0.5762360692024231, "soft_tail": 0.4998864531517029, "csi_nmse": 0.8990209698677063}
{"step": 20600, "loss": -0.06655432283878326, "gradient_norm": 0.12900374829769135, "bce": -0.14404234290122986, "soft_score": 0.6069847345352173, "soft_tail": 0.49984997510910034, "csi_nmse": 0.8777753710746765}
{"step": 20700, "loss": -0.07301220297813416, "gradient_norm": 0.26113027334213257, "bce": -0.15039215981960297, "soft_score": 0.6120486259460449, "soft_tail": 0.4998701214790344, "csi_nmse": 0.8541692495346069}
{"step": 20800, "loss": -0.047802623361349106, "gradient_norm": 0.12071108818054199, "bce": -0.12481871247291565, "soft_score": 0.5927461981773376, "soft_tail": 0.49977222084999084, "csi_nmse": 0.8802001476287842}
{"step": 20900, "loss": -0.05040685087442398, "gradient_norm": 0.1346340775489807, "bce": -0.12752807140350342, "soft_score": 0.5956186652183533, "soft_tail": 0.4996897578239441, "csi_nmse": 0.8920966386795044}
{"step": 21000, "loss": -0.10152816027402878, "gradient_norm": 0.16733042895793915, "bce": -0.17935818433761597, "soft_score": 0.6352976560592651, "soft_tail": 0.4997306168079376, "csi_nmse": 0.8415877223014832}
{"step": 21000, "validation_score": 58.17318382263183, "best": 58.18529891967773}
{"step": 21100, "loss": -0.0789090022444725, "gradient_norm": 0.19227778911590576, "bce": -0.1564629077911377, "soft_score": 0.6170949935913086, "soft_tail": 0.49987760186195374, "csi_nmse": 0.8613435626029968}
{"step": 21200, "loss": -0.08030004799365997, "gradient_norm": 0.142037034034729, "bce": -0.15809300541877747, "soft_score": 0.6174509525299072, "soft_tail": 0.4998711943626404, "csi_nmse": 0.8724902272224426}
{"step": 21300, "loss": -0.060385141521692276, "gradient_norm": 0.13107925653457642, "bce": -0.1374109387397766, "soft_score": 0.6037653684616089, "soft_tail": 0.49980515241622925, "csi_nmse": 0.8655394315719604}
{"step": 21400, "loss": -0.07767151296138763, "gradient_norm": 0.21038596332073212, "bce": -0.15528273582458496, "soft_score": 0.617651641368866, "soft_tail": 0.4996647536754608, "csi_nmse": 0.8838050365447998}
{"step": 21500, "loss": -0.06357727944850922, "gradient_norm": 0.16904419660568237, "bce": -0.14089518785476685, "soft_score": 0.6046731472015381, "soft_tail": 0.49974325299263, "csi_nmse": 0.8687987327575684}
{"step": 21600, "loss": -0.0639624148607254, "gradient_norm": 0.1287444531917572, "bce": -0.14135873317718506, "soft_score": 0.6047403216362, "soft_tail": 0.49984514713287354, "csi_nmse": 0.8729826211929321}
{"step": 21700, "loss": -0.08569231629371643, "gradient_norm": 0.20314502716064453, "bce": -0.16323480010032654, "soft_score": 0.6232213973999023, "soft_tail": 0.4999399781227112, "csi_nmse": 0.8539347648620605}
{"step": 21800, "loss": -0.05976852774620056, "gradient_norm": 0.14657478034496307, "bce": -0.13684390485286713, "soft_score": 0.6020956635475159, "soft_tail": 0.4998459815979004, "csi_nmse": 0.8595930337905884}
{"step": 21900, "loss": -0.06288798898458481, "gradient_norm": 0.13348712027072906, "bce": -0.14001695811748505, "soft_score": 0.6049126386642456, "soft_tail": 0.4997885823249817, "csi_nmse": 0.8612192869186401}
{"step": 22000, "loss": -0.09708157181739807, "gradient_norm": 0.19108685851097107, "bce": -0.1751290261745453, "soft_score": 0.6327685117721558, "soft_tail": 0.4998124837875366, "csi_nmse": 0.8805772066116333}
{"step": 22000, "validation_score": 58.19879455566406, "best": 58.19879455566406}
{"step": 22100, "loss": -0.059718359261751175, "gradient_norm": 0.15542720258235931, "bce": -0.13677801191806793, "soft_score": 0.6034747362136841, "soft_tail": 0.499889999628067, "csi_nmse": 0.8726019859313965}
{"step": 22200, "loss": -0.07687785476446152, "gradient_norm": 0.148355171084404, "bce": -0.15449705719947815, "soft_score": 0.6149550676345825, "soft_tail": 0.4999111592769623, "csi_nmse": 0.8662338256835938}
{"step": 22300, "loss": -0.06489559262990952, "gradient_norm": 0.16810783743858337, "bce": -0.14186818897724152, "soft_score": 0.6072537899017334, "soft_tail": 0.49985626339912415, "csi_nmse": 0.8506835699081421}
{"step": 22400, "loss": -0.06234005093574524, "gradient_norm": 0.17352351546287537, "bce": -0.13959337770938873, "soft_score": 0.604176938533783, "soft_tail": 0.49986135959625244, "csi_nmse": 0.8707508444786072}
{"step": 22500, "loss": -0.05546010658144951, "gradient_norm": 0.14649121463298798, "bce": -0.13250084221363068, "soft_score": 0.599507749080658, "soft_tail": 0.4998900294303894, "csi_nmse": 0.8738118410110474}
{"step": 22600, "loss": -0.04744039103388786, "gradient_norm": 0.16073788702487946, "bce": -0.12425487488508224, "soft_score": 0.5936932563781738, "soft_tail": 0.49973514676094055, "csi_nmse": 0.8750370740890503}
{"step": 22700, "loss": -0.0737520381808281, "gradient_norm": 0.21212606132030487, "bce": -0.151058167219162, "soft_score": 0.614270031452179, "soft_tail": 0.49977800250053406, "csi_nmse": 0.8620656728744507}
{"step": 22800, "loss": -0.04915784299373627, "gradient_norm": 0.1260136514902115, "bce": -0.1259818822145462, "soft_score": 0.5946789979934692, "soft_tail": 0.49985817074775696, "csi_nmse": 0.8689483404159546}
{"step": 22900, "loss": -0.08666273206472397, "gradient_norm": 0.1940194070339203, "bce": -0.16451600193977356, "soft_score": 0.6224197149276733, "soft_tail": 0.4997938573360443, "csi_nmse": 0.863745927810669}
{"step": 23000, "loss": -0.08062069118022919, "gradient_norm": 0.18337930738925934, "bce": -0.15798452496528625, "soft_score": 0.6194912791252136, "soft_tail": 0.49990326166152954, "csi_nmse": 0.8511613607406616}
{"step": 23000, "validation_score": 58.20590553283691, "best": 58.20590553283691}
{"step": 23100, "loss": -0.056423358619213104, "gradient_norm": 0.14658138155937195, "bce": -0.13350698351860046, "soft_score": 0.6011888384819031, "soft_tail": 0.49980399012565613, "csi_nmse": 0.8845925331115723}
{"step": 23200, "loss": -0.08072084188461304, "gradient_norm": 0.17764420807361603, "bce": -0.15821552276611328, "soft_score": 0.6182889938354492, "soft_tail": 0.49990198016166687, "csi_nmse": 0.8499089479446411}
{"step": 23300, "loss": -0.09902036190032959, "gradient_norm": 0.24357591569423676, "bce": -0.17668472230434418, "soft_score": 0.6328997611999512, "soft_tail": 0.49983543157577515, "csi_nmse": 0.8280931115150452}
{"step": 23400, "loss": -0.0658576637506485, "gradient_norm": 0.1790461540222168, "bce": -0.1430879831314087, "soft_score": 0.6074297428131104, "soft_tail": 0.4998975098133087, "csi_nmse": 0.8661422729492188}
{"step": 23500, "loss": -0.06802794337272644, "gradient_norm": 0.12527576088905334, "bce": -0.14547625184059143, "soft_score": 0.6084946990013123, "soft_tail": 0.49983441829681396, "csi_nmse": 0.8745172023773193}
{"step": 23600, "loss": -0.06709322333335876, "gradient_norm": 0.16260816156864166, "bce": -0.14432880282402039, "soft_score": 0.6082786321640015, "soft_tail": 0.49978622794151306, "csi_nmse": 0.8624148368835449}
{"step": 23700, "loss": -0.06573954224586487, "gradient_norm": 0.15369346737861633, "bce": -0.14300665259361267, "soft_score": 0.6069080233573914, "soft_tail": 0.499733030796051, "csi_nmse": 0.864922046661377}
{"step": 23800, "loss": -0.0757376179099083, "gradient_norm": 0.1931576430797577, "bce": -0.1528344750404358, "soft_score": 0.616647481918335, "soft_tail": 0.49964141845703125, "csi_nmse": 0.8467397689819336}
{"step": 23900, "loss": -0.07563488185405731, "gradient_norm": 0.1772870123386383, "bce": -0.1529666632413864, "soft_score": 0.6149764060974121, "soft_tail": 0.49971234798431396, "csi_nmse": 0.852412223815918}
{"step": 24000, "loss": -0.09308750927448273, "gradient_norm": 0.1760573834180832, "bce": -0.17101767659187317, "soft_score": 0.6274710893630981, "soft_tail": 0.49978047609329224, "csi_nmse": 0.8568926453590393}
{"step": 24000, "validation_score": 58.208025741577146, "best": 58.208025741577146}
{"step": 24100, "loss": -0.08105994760990143, "gradient_norm": 0.19617685675621033, "bce": -0.15863440930843353, "soft_score": 0.6182575225830078, "soft_tail": 0.49968045949935913, "csi_nmse": 0.8527172803878784}
{"step": 24200, "loss": -0.06119038164615631, "gradient_norm": 0.17756688594818115, "bce": -0.13840407133102417, "soft_score": 0.6035124659538269, "soft_tail": 0.4999195337295532, "csi_nmse": 0.8722110986709595}
{"step": 24300, "loss": -0.0799378976225853, "gradient_norm": 0.13221204280853271, "bce": -0.15742990374565125, "soft_score": 0.6174765229225159, "soft_tail": 0.49975332617759705, "csi_nmse": 0.8489264249801636}
{"step": 24400, "loss": -0.06644558161497116, "gradient_norm": 0.22696930170059204, "bce": -0.1433553397655487, "soft_score": 0.6095346212387085, "soft_tail": 0.49981579184532166, "csi_nmse": 0.8522143363952637}
{"step": 24500, "loss": -0.057089921087026596, "gradient_norm": 0.14864443242549896, "bce": -0.1342795491218567, "soft_score": 0.6009907722473145, "soft_tail": 0.4994789659976959, "csi_nmse": 0.8845110535621643}
{"step": 24600, "loss": -0.05011313408613205, "gradient_norm": 0.13217546045780182, "bce": -0.12732723355293274, "soft_score": 0.5946186780929565, "soft_tail": 0.4997619092464447, "csi_nmse": 0.8936098217964172}
{"step": 24700, "loss": -0.08130662888288498, "gradient_norm": 0.19874361157417297, "bce": -0.15857909619808197, "soft_score": 0.6203791499137878, "soft_tail": 0.49986517429351807, "csi_nmse": 0.844841718673706}
{"step": 24800, "loss": -0.07165347784757614, "gradient_norm": 0.18581269681453705, "bce": -0.14896820485591888, "soft_score": 0.6121256351470947, "soft_tail": 0.4998418986797333, "csi_nmse": 0.8625725507736206}
{"step": 24900, "loss": -0.07663902640342712, "gradient_norm": 0.1580563187599182, "bce": -0.15487822890281677, "soft_score": 0.6160582304000854, "soft_tail": 0.4998348355293274, "csi_nmse": 0.9352245330810547}
{"step": 25000, "loss": -0.0715484768152237, "gradient_norm": 0.18843765556812286, "bce": -0.14880071580410004, "soft_score": 0.6114615201950073, "soft_tail": 0.4999300241470337, "csi_nmse": 0.8516204357147217}
{"step": 25000, "validation_score": 58.224947357177726, "best": 58.224947357177726}
{"step": 25100, "loss": -0.07822269946336746, "gradient_norm": 0.1346960961818695, "bce": -0.15582652390003204, "soft_score": 0.6161890029907227, "soft_tail": 0.49989911913871765, "csi_nmse": 0.8637046813964844}
{"step": 25200, "loss": -0.07004529237747192, "gradient_norm": 0.15435414016246796, "bce": -0.1473889797925949, "soft_score": 0.6109254956245422, "soft_tail": 0.49944883584976196, "csi_nmse": 0.8680795431137085}
{"step": 25300, "loss": -0.07681538164615631, "gradient_norm": 0.16475993394851685, "bce": -0.15411730110645294, "soft_score": 0.6164820194244385, "soft_tail": 0.4998345673084259, "csi_nmse": 0.8533419370651245}
{"step": 25400, "loss": -0.052212897688150406, "gradient_norm": 0.14872333407402039, "bce": -0.12923237681388855, "soft_score": 0.5974615812301636, "soft_tail": 0.4997413456439972, "csi_nmse": 0.8834630250930786}
{"step": 25500, "loss": -0.06276800483465195, "gradient_norm": 0.14838825166225433, "bce": -0.13998141884803772, "soft_score": 0.6055706143379211, "soft_tail": 0.49980777502059937, "csi_nmse": 0.8766552805900574}
{"step": 25600, "loss": -0.08217985928058624, "gradient_norm": 0.18183669447898865, "bce": -0.1593409925699234, "soft_score": 0.6212704181671143, "soft_tail": 0.49981409311294556, "csi_nmse": 0.8348497152328491}
{"step": 25700, "loss": -0.07075760513544083, "gradient_norm": 0.13755062222480774, "bce": -0.14801323413848877, "soft_score": 0.6116212010383606, "soft_tail": 0.4998067617416382, "csi_nmse": 0.8610630631446838}
{"step": 25800, "loss": -0.08212310820817947, "gradient_norm": 0.18638235330581665, "bce": -0.15985295176506042, "soft_score": 0.6198034286499023, "soft_tail": 0.49975019693374634, "csi_nmse": 0.8717398047447205}
{"step": 25900, "loss": -0.07607339322566986, "gradient_norm": 0.16135962307453156, "bce": -0.15367326140403748, "soft_score": 0.6144016981124878, "soft_tail": 0.4997667968273163, "csi_nmse": 0.8665711283683777}
{"step": 26000, "loss": -0.051576849073171616, "gradient_norm": 0.16561925411224365, "bce": -0.12869611382484436, "soft_score": 0.597321629524231, "soft_tail": 0.49989503622055054, "csi_nmse": 0.8978666067123413}
{"step": 26000, "validation_score": 58.25641708374023, "best": 58.25641708374023}
{"step": 26100, "loss": -0.047413334250450134, "gradient_norm": 0.14043617248535156, "bce": -0.12435717135667801, "soft_score": 0.5925222635269165, "soft_tail": 0.49974316358566284, "csi_nmse": 0.8752644062042236}
{"step": 26200, "loss": -0.06741752475500107, "gradient_norm": 0.2419365495443344, "bce": -0.14503008127212524, "soft_score": 0.6085126399993896, "soft_tail": 0.4997537434101105, "csi_nmse": 0.8953417539596558}
{"step": 26300, "loss": -0.0564560629427433, "gradient_norm": 0.13487285375595093, "bce": -0.1336759477853775, "soft_score": 0.6003546118736267, "soft_tail": 0.4996984899044037, "csi_nmse": 0.8878703117370605}
{"step": 26400, "loss": -0.08618422597646713, "gradient_norm": 0.14821231365203857, "bce": -0.16401390731334686, "soft_score": 0.6219365000724792, "soft_tail": 0.4998857080936432, "csi_nmse": 0.8618510961532593}
{"step": 26500, "loss": -0.08050954341888428, "gradient_norm": 0.1696498990058899, "bce": -0.1581549346446991, "soft_score": 0.6178653240203857, "soft_tail": 0.49983125925064087, "csi_nmse": 0.8611366748809814}
{"step": 26600, "loss": -0.058174196630716324, "gradient_norm": 0.1459096372127533, "bce": -0.13538745045661926, "soft_score": 0.6020081639289856, "soft_tail": 0.49988916516304016, "csi_nmse": 0.887199878692627}
{"step": 26700, "loss": -0.08246640861034393, "gradient_norm": 0.1877082884311676, "bce": -0.1601111739873886, "soft_score": 0.6194506883621216, "soft_tail": 0.4997773766517639, "csi_nmse": 0.8572039604187012}
{"step": 26800, "loss": -0.07747980207204819, "gradient_norm": 0.14502166211605072, "bce": -0.15456196665763855, "soft_score": 0.6181401610374451, "soft_tail": 0.4996468424797058, "csi_nmse": 0.8429385423660278}
{"step": 26900, "loss": -0.08887769281864166, "gradient_norm": 0.19581864774227142, "bce": -0.1664421409368515, "soft_score": 0.6251491904258728, "soft_tail": 0.49980491399765015, "csi_nmse": 0.842929482460022}
{"step": 27000, "loss": -0.06213967129588127, "gradient_norm": 0.23739585280418396, "bce": -0.13918527960777283, "soft_score": 0.6053762435913086, "soft_tail": 0.49987852573394775, "csi_nmse": 0.8661057353019714}
{"step": 27000, "validation_score": 58.24237899780273, "best": 58.25641708374023}
{"step": 27100, "loss": -0.0724087506532669, "gradient_norm": 0.23013830184936523, "bce": -0.14975877106189728, "soft_score": 0.613154947757721, "soft_tail": 0.4997495412826538, "csi_nmse": 0.8682128190994263}
{"step": 27200, "loss": -0.051945194602012634, "gradient_norm": 0.1464158445596695, "bce": -0.12908269464969635, "soft_score": 0.5961185693740845, "soft_tail": 0.4998928904533386, "csi_nmse": 0.8837873339653015}
{"step": 27300, "loss": -0.09503576159477234, "gradient_norm": 0.15782530605793, "bce": -0.17297402024269104, "soft_score": 0.6280591487884521, "soft_tail": 0.4998130202293396, "csi_nmse": 0.8441158533096313}
{"step": 27400, "loss": -0.05475544184446335, "gradient_norm": 0.18747253715991974, "bce": -0.13189655542373657, "soft_score": 0.5991471409797668, "soft_tail": 0.4999083876609802, "csi_nmse": 0.8863421678543091}
{"step": 27500, "loss": -0.09280815720558167, "gradient_norm": 0.15513445436954498, "bce": -0.17056076228618622, "soft_score": 0.6279103755950928, "soft_tail": 0.4998343586921692, "csi_nmse": 0.8482598066329956}
{"step": 27600, "loss": -0.07252174615859985, "gradient_norm": 0.15389667451381683, "bce": -0.14983198046684265, "soft_score": 0.612877368927002, "soft_tail": 0.4998301863670349, "csi_nmse": 0.8609670400619507}
{"step": 27700, "loss": -0.07032481580972672, "gradient_norm": 0.2080107033252716, "bce": -0.14787182211875916, "soft_score": 0.6096652746200562, "soft_tail": 0.4998410940170288, "csi_nmse": 0.8721580505371094}
{"step": 27800, "loss": -0.06728421896696091, "gradient_norm": 0.11945153027772903, "bce": -0.14452806115150452, "soft_score": 0.6075804233551025, "soft_tail": 0.4998278319835663, "csi_nmse": 0.8543911576271057}
{"step": 27900, "loss": -0.0827036052942276, "gradient_norm": 0.2252098172903061, "bce": -0.1601215898990631, "soft_score": 0.621379017829895, "soft_tail": 0.499682754278183, "csi_nmse": 0.853420615196228}
{"step": 28000, "loss": -0.08818452805280685, "gradient_norm": 0.16719026863574982, "bce": -0.1661653369665146, "soft_score": 0.6241484880447388, "soft_tail": 0.49985650181770325, "csi_nmse": 0.8774808645248413}
{"step": 28000, "validation_score": 58.245027923583976, "best": 58.25641708374023}
{"step": 28100, "loss": -0.05507156252861023, "gradient_norm": 0.15769468247890472, "bce": -0.13222342729568481, "soft_score": 0.5990316867828369, "soft_tail": 0.4998626708984375, "csi_nmse": 0.882857084274292}
{"step": 28200, "loss": -0.050399355590343475, "gradient_norm": 0.1235862672328949, "bce": -0.12744471430778503, "soft_score": 0.5954993963241577, "soft_tail": 0.4998425841331482, "csi_nmse": 0.884609580039978}
{"step": 28300, "loss": -0.040855295956134796, "gradient_norm": 0.21375569701194763, "bce": -0.1176922470331192, "soft_score": 0.587685763835907, "soft_tail": 0.49988240003585815, "csi_nmse": 0.8832772970199585}
{"step": 28400, "loss": -0.062248434871435165, "gradient_norm": 0.15955951809883118, "bce": -0.13920283317565918, "soft_score": 0.6060547828674316, "soft_tail": 0.49983927607536316, "csi_nmse": 0.8634757995605469}
{"step": 28500, "loss": -0.05627416446805, "gradient_norm": 0.19386844336986542, "bce": -0.13352499902248383, "soft_score": 0.6009087562561035, "soft_tail": 0.49975621700286865, "csi_nmse": 0.8981894850730896}
{"step": 28600, "loss": -0.060208939015865326, "gradient_norm": 0.14975707232952118, "bce": -0.1375225931406021, "soft_score": 0.603199303150177, "soft_tail": 0.49986758828163147, "csi_nmse": 0.8877350091934204}
{"step": 28700, "loss": -0.047496721148490906, "gradient_norm": 0.1671314686536789, "bce": -0.12410089373588562, "soft_score": 0.5951701998710632, "soft_tail": 0.4997657537460327, "csi_nmse": 0.8704072833061218}
{"step": 28800, "loss": -0.0720440149307251, "gradient_norm": 0.1513907015323639, "bce": -0.1497471183538437, "soft_score": 0.6106518507003784, "soft_tail": 0.49988219141960144, "csi_nmse": 0.8790050148963928}
{"step": 28900, "loss": -0.07753948122262955, "gradient_norm": 0.15494343638420105, "bce": -0.1550452560186386, "soft_score": 0.6150698661804199, "soft_tail": 0.4998784065246582, "csi_nmse": 0.8504593372344971}
{"step": 29000, "loss": -0.07181835174560547, "gradient_norm": 0.1553824543952942, "bce": -0.149044930934906, "soft_score": 0.6124697327613831, "soft_tail": 0.49946117401123047, "csi_nmse": 0.8552877902984619}
{"step": 29000, "validation_score": 58.277632522583005, "best": 58.277632522583005}
{"step": 29100, "loss": -0.06252539157867432, "gradient_norm": 0.17577795684337616, "bce": -0.1396103799343109, "soft_score": 0.6056864261627197, "soft_tail": 0.4998599588871002, "csi_nmse": 0.8688371777534485}
{"step": 29200, "loss": -0.05594649165868759, "gradient_norm": 0.19520795345306396, "bce": -0.1330171376466751, "soft_score": 0.599284291267395, "soft_tail": 0.49969834089279175, "csi_nmse": 0.868830680847168}
{"step": 29300, "loss": -0.05872856453061104, "gradient_norm": 0.15099556744098663, "bce": -0.13565795123577118, "soft_score": 0.6022834777832031, "soft_tail": 0.4998062252998352, "csi_nmse": 0.858612060546875}
{"step": 29400, "loss": -0.0705130323767662, "gradient_norm": 0.1346701830625534, "bce": -0.14806263148784637, "soft_score": 0.6105306148529053, "soft_tail": 0.49992597103118896, "csi_nmse": 0.879416823387146}
{"step": 29500, "loss": -0.09335508197546005, "gradient_norm": 0.1775055080652237, "bce": -0.17109805345535278, "soft_score": 0.6276585459709167, "soft_tail": 0.49981778860092163, "csi_nmse": 0.8393549919128418}
{"step": 29600, "loss": -0.08334248512983322, "gradient_norm": 0.14220000803470612, "bce": -0.1612439751625061, "soft_score": 0.6214751601219177, "soft_tail": 0.4997478723526001, "csi_nmse": 0.8917049169540405}
{"step": 29700, "loss": -0.052536267787218094, "gradient_norm": 0.11471880227327347, "bce": -0.12965607643127441, "soft_score": 0.5961291193962097, "soft_tail": 0.4996935725212097, "csi_nmse": 0.8757916688919067}
{"step": 29800, "loss": -0.05967174470424652, "gradient_norm": 0.18306706845760345, "bce": -0.13711430132389069, "soft_score": 0.6023452877998352, "soft_tail": 0.49985960125923157, "csi_nmse": 0.8961445093154907}
{"step": 29900, "loss": -0.057702094316482544, "gradient_norm": 0.1494482159614563, "bce": -0.13467304408550262, "soft_score": 0.6017773151397705, "soft_tail": 0.49982750415802, "csi_nmse": 0.8676202893257141}
{"step": 30000, "loss": -0.058623556047677994, "gradient_norm": 0.13716460764408112, "bce": -0.13595910370349884, "soft_score": 0.6008955240249634, "soft_tail": 0.4998241066932678, "csi_nmse": 0.8823913335800171}
{"step": 30000, "validation_score": 58.292775726318354, "best": 58.292775726318354}
{"step": 30100, "loss": -0.07090400904417038, "gradient_norm": 0.17345558106899261, "bce": -0.14837227761745453, "soft_score": 0.6108390688896179, "soft_tail": 0.49990659952163696, "csi_nmse": 0.8712137937545776}
{"step": 30200, "loss": -0.07920093834400177, "gradient_norm": 0.13337787985801697, "bce": -0.15674057602882385, "soft_score": 0.6172135472297668, "soft_tail": 0.4999009370803833, "csi_nmse": 0.8583961725234985}
{"step": 30300, "loss": -0.0512256994843483, "gradient_norm": 0.12013661861419678, "bce": -0.1284313052892685, "soft_score": 0.5953541994094849, "soft_tail": 0.4998319447040558, "csi_nmse": 0.8892855048179626}
{"step": 30400, "loss": -0.08939795196056366, "gradient_norm": 0.15429732203483582, "bce": -0.16727696359157562, "soft_score": 0.6247434020042419, "soft_tail": 0.4996472895145416, "csi_nmse": 0.8615072965621948}
{"step": 30500, "loss": -0.07797666639089584, "gradient_norm": 0.16748161613941193, "bce": -0.15558317303657532, "soft_score": 0.6159504055976868, "soft_tail": 0.49983662366867065, "csi_nmse": 0.863832950592041}
{"step": 30600, "loss": -0.06847181171178818, "gradient_norm": 0.18445973098278046, "bce": -0.1456606537103653, "soft_score": 0.6089808344841003, "soft_tail": 0.4998270273208618, "csi_nmse": 0.8515679836273193}
{"step": 30700, "loss": -0.08053336292505264, "gradient_norm": 0.160237118601799, "bce": -0.1581433266401291, "soft_score": 0.6176040172576904, "soft_tail": 0.4997641444206238, "csi_nmse": 0.854895293712616}
{"step": 30800, "loss": -0.060927294194698334, "gradient_norm": 0.23173367977142334, "bce": -0.1380387246608734, "soft_score": 0.6038550138473511, "soft_tail": 0.4998878240585327, "csi_nmse": 0.8689693212509155}
{"step": 30900, "loss": -0.0835856944322586, "gradient_norm": 0.17362913489341736, "bce": -0.16109852492809296, "soft_score": 0.6203094124794006, "soft_tail": 0.4998548924922943, "csi_nmse": 0.8429564237594604}
{"step": 31000, "loss": -0.06603600829839706, "gradient_norm": 0.2078845202922821, "bce": -0.14345689117908478, "soft_score": 0.6092793941497803, "soft_tail": 0.4998551905155182, "csi_nmse": 0.8998783230781555}
{"step": 31000, "validation_score": 58.2684757232666, "best": 58.292775726318354}
{"step": 31100, "loss": -0.10492010414600372, "gradient_norm": 0.21053197979927063, "bce": -0.18273690342903137, "soft_score": 0.6375695466995239, "soft_tail": 0.4998435974121094, "csi_nmse": 0.8295356035232544}
{"step": 31200, "loss": -0.07757678627967834, "gradient_norm": 0.17929671704769135, "bce": -0.15508702397346497, "soft_score": 0.6172875761985779, "soft_tail": 0.4998571574687958, "csi_nmse": 0.8725991249084473}
{"step": 31300, "loss": -0.07099095731973648, "gradient_norm": 0.13390521705150604, "bce": -0.14855629205703735, "soft_score": 0.6107342839241028, "soft_tail": 0.4996868371963501, "csi_nmse": 0.8773727416992188}
{"step": 31400, "loss": -0.07361049950122833, "gradient_norm": 0.14224418997764587, "bce": -0.15109284222126007, "soft_score": 0.6134305000305176, "soft_tail": 0.49986472725868225, "csi_nmse": 0.8712047934532166}
{"step": 31500, "loss": -0.058495353907346725, "gradient_norm": 0.13130523264408112, "bce": -0.13581109046936035, "soft_score": 0.6018853187561035, "soft_tail": 0.4998461604118347, "csi_nmse": 0.8918541669845581}
{"step": 31600, "loss": -0.04822033643722534, "gradient_norm": 0.11475848406553268, "bce": -0.12532542645931244, "soft_score": 0.5932787656784058, "soft_tail": 0.4997844099998474, "csi_nmse": 0.8893951177597046}
{"step": 31700, "loss": -0.08662401139736176, "gradient_norm": 0.15910786390304565, "bce": -0.16449449956417084, "soft_score": 0.6225271224975586, "soft_tail": 0.49973806738853455, "csi_nmse": 0.8665891885757446}
{"step": 31800, "loss": -0.1036689504981041, "gradient_norm": 0.17772236466407776, "bce": -0.1816461980342865, "soft_score": 0.6354032754898071, "soft_tail": 0.4999009668827057, "csi_nmse": 0.8349984884262085}
{"step": 31900, "loss": -0.061149340122938156, "gradient_norm": 0.15567797422409058, "bce": -0.13856226205825806, "soft_score": 0.6033745408058167, "soft_tail": 0.4997606873512268, "csi_nmse": 0.8886966109275818}
{"step": 32000, "loss": -0.03496737405657768, "gradient_norm": 0.1243055909872055, "bce": -0.11171814054250717, "soft_score": 0.5832905769348145, "soft_tail": 0.49987661838531494, "csi_nmse": 0.8904303312301636}
{"step": 32000, "validation_score": 58.273268890380855, "best": 58.292775726318354}
{"step": 32100, "loss": -0.07449810206890106, "gradient_norm": 0.14231523871421814, "bce": -0.15180180966854095, "soft_score": 0.6154155731201172, "soft_tail": 0.4996893107891083, "csi_nmse": 0.8655755519866943}
{"step": 32200, "loss": -0.08630364388227463, "gradient_norm": 0.1752859354019165, "bce": -0.16395094990730286, "soft_score": 0.6231355667114258, "soft_tail": 0.4998762309551239, "csi_nmse": 0.8562057614326477}
{"step": 32300, "loss": -0.0806274563074112, "gradient_norm": 0.19647644460201263, "bce": -0.1577642858028412, "soft_score": 0.620505690574646, "soft_tail": 0.4998619258403778, "csi_nmse": 0.8406835794448853}
{"step": 32400, "loss": -0.07656259089708328, "gradient_norm": 0.15704745054244995, "bce": -0.15411141514778137, "soft_score": 0.6163973808288574, "soft_tail": 0.49984630942344666, "csi_nmse": 0.8772802948951721}
{"step": 32500, "loss": -0.07604961097240448, "gradient_norm": 0.15056540071964264, "bce": -0.15345388650894165, "soft_score": 0.6155574321746826, "soft_tail": 0.4998517334461212, "csi_nmse": 0.8610177040100098}
{"step": 32600, "loss": -0.06453172862529755, "gradient_norm": 0.16733691096305847, "bce": -0.1419830322265625, "soft_score": 0.6075887680053711, "soft_tail": 0.49976152181625366, "csi_nmse": 0.9004727005958557}
{"step": 32700, "loss": -0.07750225812196732, "gradient_norm": 0.1297292858362198, "bce": -0.15499070286750793, "soft_score": 0.6163069605827332, "soft_tail": 0.4998471438884735, "csi_nmse": 0.861548900604248}
{"step": 32800, "loss": -0.06021590530872345, "gradient_norm": 0.1306922435760498, "bce": -0.13736502826213837, "soft_score": 0.6036970019340515, "soft_tail": 0.49985748529434204, "csi_nmse": 0.8778034448623657}
{"step": 32900, "loss": -0.09795278310775757, "gradient_norm": 0.1551438868045807, "bce": -0.17628172039985657, "soft_score": 0.6308891773223877, "soft_tail": 0.49987220764160156, "csi_nmse": 0.8785843849182129}
{"step": 33000, "loss": -0.035149719566106796, "gradient_norm": 0.09754342585802078, "bce": -0.11206632107496262, "soft_score": 0.5827221870422363, "soft_tail": 0.4998423457145691, "csi_nmse": 0.8977458477020264}
{"step": 33000, "validation_score": 58.304522323608396, "best": 58.304522323608396}
{"step": 33100, "loss": -0.08053108304738998, "gradient_norm": 0.19658724963665009, "bce": -0.1580650508403778, "soft_score": 0.6185814142227173, "soft_tail": 0.49975496530532837, "csi_nmse": 0.8578248023986816}
{"step": 33200, "loss": -0.06838102638721466, "gradient_norm": 0.1581588238477707, "bce": -0.14563757181167603, "soft_score": 0.6106499433517456, "soft_tail": 0.49975618720054626, "csi_nmse": 0.8750470280647278}
{"step": 33300, "loss": -0.07797178626060486, "gradient_norm": 0.13897474110126495, "bce": -0.15535518527030945, "soft_score": 0.6160774230957031, "soft_tail": 0.499758243560791, "csi_nmse": 0.8448368906974792}
{"step": 33400, "loss": -0.08260443061590195, "gradient_norm": 0.21104851365089417, "bce": -0.16014578938484192, "soft_score": 0.6200400590896606, "soft_tail": 0.49976906180381775, "csi_nmse": 0.8523858785629272}
{"step": 33500, "loss": -0.06936710327863693, "gradient_norm": 0.13290303945541382, "bce": -0.1467556357383728, "soft_score": 0.6101326942443848, "soft_tail": 0.4998838007450104, "csi_nmse": 0.8722747564315796}
{"step": 33600, "loss": -0.07755216956138611, "gradient_norm": 0.19120709598064423, "bce": -0.1551942229270935, "soft_score": 0.6149965524673462, "soft_tail": 0.4998689293861389, "csi_nmse": 0.8618350028991699}
{"step": 33700, "loss": -0.053927984088659286, "gradient_norm": 0.15068191289901733, "bce": -0.13100767135620117, "soft_score": 0.5991194248199463, "soft_tail": 0.4995043873786926, "csi_nmse": 0.8875985145568848}
{"step": 33800, "loss": -0.089132159948349, "gradient_norm": 0.14652864634990692, "bce": -0.1675550490617752, "soft_score": 0.6251593828201294, "soft_tail": 0.49971628189086914, "csi_nmse": 0.9174808859825134}
{"step": 33900, "loss": -0.06699104607105255, "gradient_norm": 0.19211255013942719, "bce": -0.1442754566669464, "soft_score": 0.6089267730712891, "soft_tail": 0.4998728036880493, "csi_nmse": 0.874573290348053}
{"step": 34000, "loss": -0.035483356565237045, "gradient_norm": 0.15105585753917694, "bce": -0.11221454292535782, "soft_score": 0.5837256908416748, "soft_tail": 0.49987995624542236, "csi_nmse": 0.8878697156906128}
{"step": 34000, "validation_score": 58.281880569458, "best": 58.304522323608396}
{"step": 34100, "loss": -0.07019065320491791, "gradient_norm": 0.15900219976902008, "bce": -0.14736391603946686, "soft_score": 0.6118981838226318, "soft_tail": 0.4999433755874634, "csi_nmse": 0.8624984622001648}
{"step": 34200, "loss": -0.03925871104001999, "gradient_norm": 0.10444501042366028, "bce": -0.11596011370420456, "soft_score": 0.5868082642555237, "soft_tail": 0.4998154640197754, "csi_nmse": 0.8780671954154968}
{"step": 34300, "loss": -0.08609645068645477, "gradient_norm": 0.15405134856700897, "bce": -0.16396169364452362, "soft_score": 0.6227118372917175, "soft_tail": 0.4998621642589569, "csi_nmse": 0.8736111521720886}
{"step": 34400, "loss": -0.037874072790145874, "gradient_norm": 0.1446474939584732, "bce": -0.11453650891780853, "soft_score": 0.5869926810264587, "soft_tail": 0.49970948696136475, "csi_nmse": 0.8899338245391846}
{"step": 34500, "loss": -0.06838994473218918, "gradient_norm": 0.1565152406692505, "bce": -0.14552417397499084, "soft_score": 0.6096794009208679, "soft_tail": 0.49979034066200256, "csi_nmse": 0.8543471693992615}
{"step": 34600, "loss": -0.05602465569972992, "gradient_norm": 0.13547036051750183, "bce": -0.13304585218429565, "soft_score": 0.5998955965042114, "soft_tail": 0.49987858533859253, "csi_nmse": 0.870252251625061}
{"step": 34700, "loss": -0.07265058159828186, "gradient_norm": 0.15259265899658203, "bce": -0.1500324159860611, "soft_score": 0.6123104095458984, "soft_tail": 0.49988505244255066, "csi_nmse": 0.8606172204017639}
{"step": 34800, "loss": -0.07882357388734818, "gradient_norm": 0.16374388337135315, "bce": -0.15631572902202606, "soft_score": 0.6166174411773682, "soft_tail": 0.49984103441238403, "csi_nmse": 0.8517554998397827}
{"step": 34900, "loss": -0.07411849498748779, "gradient_norm": 0.18075910210609436, "bce": -0.15131908655166626, "soft_score": 0.615149736404419, "soft_tail": 0.49978014826774597, "csi_nmse": 0.8577060699462891}
{"step": 35000, "loss": -0.07002436369657516, "gradient_norm": 0.18094652891159058, "bce": -0.14740198850631714, "soft_score": 0.6094400882720947, "soft_tail": 0.49973949790000916, "csi_nmse": 0.8573623895645142}
{"step": 35000, "validation_score": 58.28789672851562, "best": 58.304522323608396}
{"step": 35100, "loss": -0.06906166672706604, "gradient_norm": 0.14993490278720856, "bce": -0.14625617861747742, "soft_score": 0.6110734939575195, "soft_tail": 0.49982401728630066, "csi_nmse": 0.8670953512191772}
{"step": 35200, "loss": -0.08616958558559418, "gradient_norm": 0.20515088737010956, "bce": -0.16382329165935516, "soft_score": 0.6226455569267273, "soft_tail": 0.4998028874397278, "csi_nmse": 0.8530003428459167}
{"step": 35300, "loss": -0.07547999173402786, "gradient_norm": 0.1320066899061203, "bce": -0.1533816158771515, "soft_score": 0.6141006946563721, "soft_tail": 0.4997776448726654, "csi_nmse": 0.8966854810714722}
{"step": 35400, "loss": -0.07418712228536606, "gradient_norm": 0.19212494790554047, "bce": -0.15147650241851807, "soft_score": 0.61346834897995, "soft_tail": 0.4998200237751007, "csi_nmse": 0.8483158349990845}
{"step": 35500, "loss": -0.08962374925613403, "gradient_norm": 0.15512259304523468, "bce": -0.16726070642471313, "soft_score": 0.6250052452087402, "soft_tail": 0.4997017979621887, "csi_nmse": 0.8402462005615234}
{"step": 35600, "loss": -0.08197785168886185, "gradient_norm": 0.14946219325065613, "bce": -0.1594953089952469, "soft_score": 0.6197203397750854, "soft_tail": 0.49973589181900024, "csi_nmse": 0.853203296661377}
{"step": 35700, "loss": -0.05944867432117462, "gradient_norm": 0.12726527452468872, "bce": -0.1365928053855896, "soft_score": 0.602320671081543, "soft_tail": 0.4998679459095001, "csi_nmse": 0.8712949752807617}
{"step": 35800, "loss": -0.05830595642328262, "gradient_norm": 0.18119049072265625, "bce": -0.13554465770721436, "soft_score": 0.6017500758171082, "soft_tail": 0.49981623888015747, "csi_nmse": 0.8853724002838135}
{"step": 35900, "loss": -0.08974548429250717, "gradient_norm": 0.1701609194278717, "bce": -0.1675410270690918, "soft_score": 0.6254518628120422, "soft_tail": 0.49988383054733276, "csi_nmse": 0.8583133220672607}
{"step": 36000, "loss": -0.08216965943574905, "gradient_norm": 0.1389816701412201, "bce": -0.1597154438495636, "soft_score": 0.6198585033416748, "soft_tail": 0.4998706579208374, "csi_nmse": 0.8556212782859802}
{"step": 36000, "validation_score": 58.29131469726562, "best": 58.304522323608396}
{"step": 36100, "loss": -0.10683059692382812, "gradient_norm": 0.19805578887462616, "bce": -0.18485033512115479, "soft_score": 0.6385834217071533, "soft_tail": 0.49987030029296875, "csi_nmse": 0.8389146327972412}
{"step": 36200, "loss": -0.07299014180898666, "gradient_norm": 0.14725227653980255, "bce": -0.15036609768867493, "soft_score": 0.6125736236572266, "soft_tail": 0.49989721179008484, "csi_nmse": 0.8593618869781494}
{"step": 36300, "loss": -0.07980695366859436, "gradient_norm": 0.20377594232559204, "bce": -0.15727657079696655, "soft_score": 0.6178300380706787, "soft_tail": 0.49987685680389404, "csi_nmse": 0.8521275520324707}
{"step": 36400, "loss": -0.08931788057088852, "gradient_norm": 0.1718151569366455, "bce": -0.16707579791545868, "soft_score": 0.6247967481613159, "soft_tail": 0.4998306930065155, "csi_nmse": 0.8524930477142334}
{"step": 36500, "loss": -0.09324474632740021, "gradient_norm": 0.1791679412126541, "bce": -0.17094101011753082, "soft_score": 0.6278480291366577, "soft_tail": 0.49983862042427063, "csi_nmse": 0.8382109999656677}
{"step": 36600, "loss": -0.07600171118974686, "gradient_norm": 0.17409437894821167, "bce": -0.15349292755126953, "soft_score": 0.6155793070793152, "soft_tail": 0.4998474717140198, "csi_nmse": 0.869526743888855}
{"step": 36700, "loss": -0.09333714842796326, "gradient_norm": 0.2088128924369812, "bce": -0.1710100919008255, "soft_score": 0.6294403076171875, "soft_tail": 0.4998445510864258, "csi_nmse": 0.8511286973953247}
{"step": 36800, "loss": -0.08519524335861206, "gradient_norm": 0.19044733047485352, "bce": -0.16259536147117615, "soft_score": 0.622421383857727, "soft_tail": 0.4997600317001343, "csi_nmse": 0.8375521898269653}
{"step": 36900, "loss": -0.07616521418094635, "gradient_norm": 0.16376949846744537, "bce": -0.1536150425672531, "soft_score": 0.6168273687362671, "soft_tail": 0.4998508095741272, "csi_nmse": 0.876658022403717}
{"step": 37000, "loss": -0.05622352287173271, "gradient_norm": 0.21939347684383392, "bce": -0.13328666985034943, "soft_score": 0.6002575755119324, "soft_tail": 0.4998096227645874, "csi_nmse": 0.8754526376724243}
{"step": 37000, "validation_score": 58.29671669006347, "best": 58.304522323608396}
{"step": 37100, "loss": -0.07486546039581299, "gradient_norm": 0.1752295345067978, "bce": -0.15222033858299255, "soft_score": 0.6137437224388123, "soft_tail": 0.4999168813228607, "csi_nmse": 0.8504718542098999}
{"step": 37200, "loss": -0.07205767929553986, "gradient_norm": 0.12645989656448364, "bce": -0.14953243732452393, "soft_score": 0.6116921305656433, "soft_tail": 0.4999038875102997, "csi_nmse": 0.8687843680381775}
{"step": 37300, "loss": -0.07413303852081299, "gradient_norm": 0.13652218878269196, "bce": -0.15165334939956665, "soft_score": 0.6141202449798584, "soft_tail": 0.4998208284378052, "csi_nmse": 0.8761622905731201}
{"step": 37400, "loss": -0.051571838557720184, "gradient_norm": 0.1402662992477417, "bce": -0.12861382961273193, "soft_score": 0.596072256565094, "soft_tail": 0.49984025955200195, "csi_nmse": 0.8783043622970581}
{"step": 37500, "loss": -0.05494173988699913, "gradient_norm": 0.146884948015213, "bce": -0.1320670247077942, "soft_score": 0.5984151363372803, "soft_tail": 0.4998796880245209, "csi_nmse": 0.875648558139801}
{"step": 37600, "loss": -0.0505332387983799, "gradient_norm": 0.12438420951366425, "bce": -0.12784025073051453, "soft_score": 0.5953686237335205, "soft_tail": 0.49984440207481384, "csi_nmse": 0.9055179953575134}
{"step": 37700, "loss": -0.04429236426949501, "gradient_norm": 0.14193247258663177, "bce": -0.12086356431245804, "soft_score": 0.5920389890670776, "soft_tail": 0.4997142553329468, "csi_nmse": 0.8680164217948914}
{"step": 37800, "loss": -0.0832761749625206, "gradient_norm": 0.19507846236228943, "bce": -0.16075381636619568, "soft_score": 0.620832085609436, "soft_tail": 0.4998847544193268, "csi_nmse": 0.8482004404067993}
{"step": 37900, "loss": -0.051118671894073486, "gradient_norm": 0.13713619112968445, "bce": -0.12806624174118042, "soft_score": 0.5962015390396118, "soft_tail": 0.49990275502204895, "csi_nmse": 0.8758178353309631}
{"step": 38000, "loss": -0.0716012716293335, "gradient_norm": 0.21115683019161224, "bce": -0.14884838461875916, "soft_score": 0.612809956073761, "soft_tail": 0.49967333674430847, "csi_nmse": 0.8633460998535156}
{"step": 38000, "validation_score": 58.298751449584955, "best": 58.304522323608396}
{"step": 38100, "loss": -0.07823150604963303, "gradient_norm": 0.17349377274513245, "bce": -0.155953049659729, "soft_score": 0.6185689568519592, "soft_tail": 0.4999143183231354, "csi_nmse": 0.8980567455291748}
{"step": 38200, "loss": -0.05017945170402527, "gradient_norm": 0.13032619655132294, "bce": -0.12706750631332397, "soft_score": 0.5957030653953552, "soft_tail": 0.49944180250167847, "csi_nmse": 0.873485803604126}
{"step": 38300, "loss": -0.06895279884338379, "gradient_norm": 0.1513369381427765, "bce": -0.146501362323761, "soft_score": 0.610370397567749, "soft_tail": 0.49979689717292786, "csi_nmse": 0.8929370641708374}
{"step": 38400, "loss": -0.08290362358093262, "gradient_norm": 0.1517130732536316, "bce": -0.16064214706420898, "soft_score": 0.6194514036178589, "soft_tail": 0.499836266040802, "csi_nmse": 0.8614543080329895}
{"step": 38500, "loss": -0.013991809450089931, "gradient_norm": 0.13327889144420624, "bce": -0.09005072712898254, "soft_score": 0.568445086479187, "soft_tail": 0.499834805727005, "csi_nmse": 0.8893394470214844}
{"step": 38600, "loss": -0.06765091419219971, "gradient_norm": 0.1454203575849533, "bce": -0.1449735164642334, "soft_score": 0.6087006330490112, "soft_tail": 0.49985548853874207, "csi_nmse": 0.8690964579582214}
{"step": 38700, "loss": -0.04207465425133705, "gradient_norm": 0.1301853358745575, "bce": -0.11887682974338531, "soft_score": 0.5892724394798279, "soft_tail": 0.4998703598976135, "csi_nmse": 0.8837846517562866}
{"step": 38800, "loss": -0.08349741995334625, "gradient_norm": 0.14461950957775116, "bce": -0.16100263595581055, "soft_score": 0.6212067604064941, "soft_tail": 0.4997864365577698, "csi_nmse": 0.8519210815429688}
{"step": 38900, "loss": -0.07895413786172867, "gradient_norm": 0.16356156766414642, "bce": -0.15651339292526245, "soft_score": 0.617271900177002, "soft_tail": 0.4998094439506531, "csi_nmse": 0.8629379272460938}
{"step": 39000, "loss": -0.0764358639717102, "gradient_norm": 0.1136462613940239, "bce": -0.1540171355009079, "soft_score": 0.6143060922622681, "soft_tail": 0.49986177682876587, "csi_nmse": 0.8606019020080566}
{"step": 39000, "validation_score": 58.32989540100097, "best": 58.32989540100097}
{"step": 39100, "loss": -0.05039207637310028, "gradient_norm": 0.11715061962604523, "bce": -0.12713411450386047, "soft_score": 0.596468448638916, "soft_tail": 0.4997374415397644, "csi_nmse": 0.8667587041854858}
{"step": 39200, "loss": -0.06679818034172058, "gradient_norm": 0.17390176653862, "bce": -0.1440698504447937, "soft_score": 0.6082402467727661, "soft_tail": 0.49977874755859375, "csi_nmse": 0.8682067394256592}
{"step": 39300, "loss": -0.09789104014635086, "gradient_norm": 0.14459232985973358, "bce": -0.17601081728935242, "soft_score": 0.6307854652404785, "soft_tail": 0.4998375177383423, "csi_nmse": 0.8592361807823181}
{"step": 39400, "loss": -0.04453190043568611, "gradient_norm": 0.13882359862327576, "bce": -0.12153266370296478, "soft_score": 0.5911917090415955, "soft_tail": 0.4997864365577698, "csi_nmse": 0.8960258960723877}
{"step": 39500, "loss": -0.06659388542175293, "gradient_norm": 0.13001620769500732, "bce": -0.1438860297203064, "soft_score": 0.6081889271736145, "soft_tail": 0.49975094199180603, "csi_nmse": 0.8714950084686279}
{"step": 39600, "loss": -0.06101303547620773, "gradient_norm": 0.17013698816299438, "bce": -0.13830916583538055, "soft_score": 0.6042205095291138, "soft_tail": 0.49983537197113037, "csi_nmse": 0.8882313370704651}
{"step": 39700, "loss": -0.0733204185962677, "gradient_norm": 0.1815568208694458, "bce": -0.15082024037837982, "soft_score": 0.6131223440170288, "soft_tail": 0.4997713267803192, "csi_nmse": 0.872317373752594}
{"step": 39800, "loss": -0.05805465951561928, "gradient_norm": 0.14223401248455048, "bce": -0.13509851694107056, "soft_score": 0.6016988754272461, "soft_tail": 0.49982085824012756, "csi_nmse": 0.8698512315750122}
{"step": 39900, "loss": -0.08556169271469116, "gradient_norm": 0.13510183990001678, "bce": -0.16316574811935425, "soft_score": 0.6221542954444885, "soft_tail": 0.4998863637447357, "csi_nmse": 0.8499492406845093}
{"step": 40000, "loss": -0.08065001666545868, "gradient_norm": 0.1557633876800537, "bce": -0.15831303596496582, "soft_score": 0.6186350584030151, "soft_tail": 0.4998154640197754, "csi_nmse": 0.8689677715301514}
{"step": 40000, "validation_score": 58.30881042480468, "best": 58.32989540100097}
+./analysis/pipeline_after_v3.sh:25> echo '=== stage 4: v2 formal eval (val 2000x3 batch1) ==='
=== stage 4: v2 formal eval (val 2000x3 batch1) ===
+./analysis/pipeline_after_v3.sh:26> .venv/bin/python -m research.evaluate --design experiments/v2_mps_seed20260918/modelDesign.py --weights experiments/v2_mps_seed20260918/best --data data_train/H_train.npz --splits splits/random_seed20260918.npz --split val --samples 2000 --repeats 3 --batch-size 1 --device mps --out experiments/v2_mps_seed20260918/eval_val.json
{
  "efficiency": 61.907718658447266,
  "fairness_p10": 49.82638931274414,
  "score": 58.28331985473632,
  "channel_rows": 2000,
  "repeats": 3,
  "seed": 271828,
  "batch_size": 1,
  "seconds": 69.47734925000259,
  "pairing_note": "Use identical rows, seed, repeats AND batch_size for paired model comparison",
  "milliseconds_per_two_user_block": 11.579558208333765,
  "timing_note": "Includes data transfer/loading; hardware-specific, not platform timing",
  "per_user": [
    {
      "efficiency": 61.88275909423828,
      "fairness_p10": 49.82638931274414,
      "score": 58.26584815979003
    },
    {
      "efficiency": 61.932682037353516,
      "fairness_p10": 49.82638931274414,
      "score": 58.3007942199707
    }
  ],
  "snr_bins": {
    "[-20,-15)": {
      "efficiency": 49.99528884887695,
      "fairness_p10": 49.73958206176758,
      "score": 49.91857681274414,
      "count": 1436
    },
    "[-15,-10)": {
      "efficiency": 50.0684928894043,
      "fairness_p10": 49.73958206176758,
      "score": 49.96981964111328,
      "count": 1512
    },
    "[-10,-5)": {
      "efficiency": 50.416595458984375,
      "fairness_p10": 49.65277862548828,
      "score": 50.18745040893555,
      "count": 1489
    },
    "[-5,0)": {
      "efficiency": 51.573490142822266,
      "fairness_p10": 49.73958206176758,
      "score": 51.02331771850586,
      "count": 1493
    },
    "[0,5)": {
      "efficiency": 56.65247344970703,
      "fairness_p10": 52.86458206176758,
      "score": 55.516106033325194,
      "count": 1601
    },
    "[5,10)": {
      "efficiency": 66.85173034667969,
      "fairness_p10": 61.45833206176758,
      "score": 65.23371086120605,
      "count": 1478
    },
    "[10,15)": {
      "efficiency": 78.92647552490234,
      "fairness_p10": 73.1857681274414,
      "score": 77.20426330566406,
      "count": 1472
    },
    "[15,20)": {
      "efficiency": 90.61162567138672,
      "fairness_p10": 85.13888549804688,
      "score": 88.96980361938476,
      "count": 1519
    }
  },
  "prefix_lengths": {
    "16": 1436,
    "32": 1512,
    "72": 1489,
    "144": 1493,
    "288": 1601,
    "576": 1478,
    "864": 1472,
    "1152": 1519
  },
  "cluster_bootstrap_95pct": {
    "efficiency": [
      61.65629816055298,
      62.155691146850586
    ],
    "fairness_p10": [
      49.82638931274414,
      49.82638931274414
    ],
    "score": [
      58.10732550621032,
      58.45690059661865
    ]
  },
  "split": "val",
  "split_metadata": {
    "seed": 20260918,
    "mode": "random",
    "groups": null,
    "sampled_sha256": "28303736b72bd29286c8c4271f0ecc67aad643e19ff7f2b25d1bbc957a5421d0",
    "n": 100000,
    "warning": "Sampled fingerprint, not a complete file hash; no scenario IDs supplied"
  },
  "design": "experiments/v2_mps_seed20260918/modelDesign.py",
  "weights": "experiments/v2_mps_seed20260918/best"
}
+./analysis/pipeline_after_v3.sh:31> echo '=== stage 5: v2 feedback ablation ==='
=== stage 5: v2 feedback ablation ===
+./analysis/pipeline_after_v3.sh:32> .venv/bin/python analysis/ablation_feedback.py --design experiments/v2_mps_seed20260918/modelDesign.py --weights experiments/v2_mps_seed20260918/best --data data_train/H_train.npz --splits splits/random_seed20260918.npz --split val --samples 1000 --repeats 2 --batch-size 16 --device mps --out experiments/v2_mps_seed20260918/ablation_feedback.json
Traceback (most recent call last):
  File "/Users/limzero/workspace/comp2026/6g-ai-challenge/analysis/ablation_feedback.py", line 155, in <module>
    main()
  File "/Users/limzero/workspace/comp2026/6g-ai-challenge/analysis/ablation_feedback.py", line 115, in main
    per_mode[mode].append(run_mode(link, h, snr, mode, args.device,
                          ^^^^^^^^^^^^^^^^^^^^^^^^^^^^^^^^^^^^^^^^^
  File "/Users/limzero/workspace/comp2026/6g-ai-challenge/.venv/lib/python3.11/site-packages/torch/utils/_contextlib.py", line 124, in decorate_context
    return func(*args, **kwargs)
           ^^^^^^^^^^^^^^^^^^^^^
  File "/Users/limzero/workspace/comp2026/6g-ai-challenge/analysis/ablation_feedback.py", line 70, in run_mode
    llr = link.receiver(y, h[:, ue], ctrl, snr[ue])
          ^^^^^^^^^^^^^^^^^^^^^^^^^^^^^^^^^^^^^^^^^
  File "/Users/limzero/workspace/comp2026/6g-ai-challenge/.venv/lib/python3.11/site-packages/torch/nn/modules/module.py", line 1783, in _wrapped_call_impl
    return self._call_impl(*args, **kwargs)
           ^^^^^^^^^^^^^^^^^^^^^^^^^^^^^^^^
  File "/Users/limzero/workspace/comp2026/6g-ai-challenge/.venv/lib/python3.11/site-packages/torch/nn/modules/module.py", line 1794, in _call_impl
    return forward_call(*args, **kwargs)
           ^^^^^^^^^^^^^^^^^^^^^^^^^^^^^
  File "/Users/limzero/workspace/comp2026/6g-ai-challenge/experiments/v2_mps_seed20260918/modelDesign.py", line 398, in forward
    raise ValueError("Mixed prefix lengths cannot form an official dense LLR batch. "
ValueError: Mixed prefix lengths cannot form an official dense LLR batch. Use batch_size=1, bucket by rate, or forward_full plus valid_lengths.
+./analysis/pipeline_after_v3.sh:37> echo '=== stage 6: summarize ==='
=== stage 6: summarize ===
+./analysis/pipeline_after_v3.sh:38> .venv/bin/python analysis/summarize_experiments.py
Matplotlib is building the font cache; this may take a moment.
# 实验汇总（mac-mini-dev，MPS 训练）

## v1_mps_seed20260918

- 训练中最佳验证：step 30000，最终分 61.22（效率 66.22 / p10 49.57）

正式评测（val，2000行×3次，batch=1）：效率 66.15，公平 p10 49.48，最终 61.15（95% CI 60.97–61.30）。

| 下行SNR (dB) | 效率分 | 最终分 | 样本数 |
|---|---:|---:|---:|
| [-20,-15) | 50.31 | 49.72 | 990 |
| [-15,-10) | 51.28 | 50.45 | 971 |
| [-10,-5) | 53.15 | 51.92 | 987 |
| [-5,0) | 59.03 | 56.55 | 989 |
| [0,5) | 70.40 | 67.34 | 1044 |
| [5,10) | 77.81 | 75.38 | 1001 |
| [10,15) | 82.32 | 80.15 | 1046 |
| [15,20) | 84.14 | 82.31 | 972 |

### P0 反馈消融（同信道/比特/噪声配对）

| 模式 | 效率分 | 公平p10 | 最终分 |
|---|---:|---:|---:|
| 真实含噪反馈 | 66.04 | 49.48 | 61.07 |
| 无噪反馈（上限） | 67.66 | 49.57 | 62.23 |
| 无反馈（统计先验下限） | 52.34 | 48.00 | 51.04 |

## v2_mps_seed20260918

- 训练中最佳验证：step 39000，最终分 58.33（效率 61.94 / p10 49.91）

正式评测（val，2000行×3次，batch=1）：效率 61.91，公平 p10 49.83，最终 58.28（95% CI 58.11–58.46）。

| 下行SNR (dB) | 效率分 | 最终分 | 样本数 |
|---|---:|---:|---:|
| [-20,-15) | 50.00 | 49.92 | 990 |
| [-15,-10) | 50.07 | 49.97 | 971 |
| [-10,-5) | 50.43 | 50.19 | 987 |
| [-5,0) | 51.58 | 51.00 | 989 |
| [0,5) | 56.59 | 55.42 | 1044 |
| [5,10) | 67.01 | 65.50 | 1001 |
| [10,15) | 78.94 | 77.34 | 1046 |
| [15,20) | 90.39 | 88.62 | 972 |

## v3_mps_seed20260918

- 训练中最佳验证：step 40000，最终分 62.56（效率 68.17 / p10 49.48）

正式评测（val，2000行×3次，batch=1）：效率 68.12，公平 p10 49.48，最终 62.53（95% CI 62.33–62.69）。

| 下行SNR (dB) | 效率分 | 最终分 | 样本数 |
|---|---:|---:|---:|
| [-20,-15) | 50.48 | 49.81 | 990 |
| [-15,-10) | 51.44 | 50.49 | 971 |
| [-10,-5) | 54.31 | 52.71 | 987 |
| [-5,0) | 58.66 | 56.04 | 989 |
| [0,5) | 71.28 | 67.47 | 1044 |
| [5,10) | 81.13 | 78.27 | 1001 |
| [10,15) | 87.05 | 84.50 | 1046 |
| [15,20) | 89.63 | 87.66 | 972 |

### P0 反馈消融（同信道/比特/噪声配对）

| 模式 | 效率分 | 公平p10 | 最终分 |
|---|---:|---:|---:|
| 真实含噪反馈 | 68.04 | 49.48 | 62.47 |
| 无噪反馈（上限） | 69.44 | 49.48 | 63.45 |
| 无反馈（统计先验下限） | 54.62 | 48.87 | 52.90 |


written: /Users/limzero/workspace/comp2026/6g-ai-challenge/reports/experiment_summary.md
+./analysis/pipeline_after_v3.sh:40> echo '=== PIPELINE DONE ==='
=== PIPELINE DONE ===
